-- phpMyAdmin SQL Dump
-- version 4.7.7
-- https://www.phpmyadmin.net/
--
-- Servidor: localhost:3306
-- Tiempo de generación: 03-10-2019 a las 23:39:45
-- Versión del servidor: 5.6.39
-- Versión de PHP: 5.6.30

SET SQL_MODE = "NO_AUTO_VALUE_ON_ZERO";
SET AUTOCOMMIT = 0;
START TRANSACTION;
SET time_zone = "+00:00";


/*!40101 SET @OLD_CHARACTER_SET_CLIENT=@@CHARACTER_SET_CLIENT */;
/*!40101 SET @OLD_CHARACTER_SET_RESULTS=@@CHARACTER_SET_RESULTS */;
/*!40101 SET @OLD_COLLATION_CONNECTION=@@COLLATION_CONNECTION */;
/*!40101 SET NAMES utf8mb4 */;

--
-- Base de datos: `riobgt_aserradero`
--

-- --------------------------------------------------------

--
-- Estructura de tabla para la tabla `bitacora`
--

CREATE TABLE `bitacora` (
  `id_bitacora` int(11) NOT NULL,
  `id_usuario` int(11) DEFAULT NULL,
  `fecha` date DEFAULT NULL,
  `hora_ingreso` time DEFAULT NULL,
  `descripcion` varchar(250) COLLATE utf8mb4_unicode_ci DEFAULT NULL
) ENGINE=MyISAM DEFAULT CHARSET=utf8mb4 COLLATE=utf8mb4_unicode_ci;

--
-- Volcado de datos para la tabla `bitacora`
--

INSERT INTO `bitacora` (`id_bitacora`, `id_usuario`, `fecha`, `hora_ingreso`, `descripcion`) VALUES
(1, 1, '2019-09-17', '02:15:10', 'Ingreso al sistema'),
(2, 1, '2019-09-17', '11:46:33', 'Ingreso al sistema'),
(3, 1, '2019-09-17', '12:32:03', 'Ingreso al sistema'),
(4, 7, '2019-09-17', '13:15:59', 'Ingreso al sistema'),
(5, 10, '2019-09-17', '16:25:53', 'Ingreso al sistema'),
(6, 7, '2019-09-17', '16:53:10', 'Ingreso al sistema'),
(7, 7, '2019-09-17', '16:59:21', 'Ingreso al sistema'),
(8, 10, '2019-09-17', '18:04:42', 'Ingreso al sistema'),
(9, 10, '2019-09-17', '18:42:12', 'Ingreso al sistema'),
(10, 10, '2019-09-18', '08:54:30', 'Ingreso al sistema'),
(11, 1, '2019-09-18', '11:22:08', 'Ingreso al sistema'),
(12, 1, '2019-09-18', '11:30:18', 'Ingreso al sistema'),
(13, 1, '2019-09-18', '12:09:40', 'Ingreso al sistema'),
(14, 10, '2019-09-19', '09:50:59', 'Ingreso al sistema'),
(15, 10, '2019-09-19', '10:49:22', 'Ingreso al sistema'),
(16, 7, '2019-09-19', '15:27:31', 'Ingreso al sistema'),
(17, 7, '2019-09-19', '17:40:42', 'Ingreso al sistema'),
(18, 10, '2019-09-20', '15:28:29', 'Ingreso al sistema'),
(19, 10, '2019-09-23', '09:06:27', 'Ingreso al sistema'),
(20, 7, '2019-09-23', '11:34:44', 'Ingreso al sistema'),
(21, 1, '2019-09-23', '11:47:59', 'Ingreso al sistema'),
(22, 7, '2019-09-23', '13:00:34', 'Ingreso al sistema'),
(23, 7, '2019-09-24', '12:45:25', 'Ingreso al sistema'),
(24, 7, '2019-09-24', '15:08:03', 'Ingreso al sistema'),
(25, 1, '2019-09-25', '10:57:02', 'Ingreso al sistema'),
(26, 7, '2019-09-26', '18:21:54', 'Ingreso al sistema'),
(27, 10, '2019-09-26', '19:29:53', 'Ingreso al sistema'),
(28, 10, '2019-09-26', '19:37:12', 'Ingreso al sistema'),
(29, 10, '2019-09-26', '19:48:38', 'Ingreso al sistema'),
(30, 7, '2019-09-27', '17:53:38', 'Ingreso al sistema'),
(31, 7, '2019-09-27', '18:54:57', 'Ingreso al sistema'),
(32, 10, '2019-10-02', '17:25:02', 'Ingreso al sistema'),
(33, 1, '2019-10-03', '22:08:36', 'Ingreso al sistema');

-- --------------------------------------------------------

--
-- Estructura de tabla para la tabla `bodegas`
--

CREATE TABLE `bodegas` (
  `id_bodega` int(11) NOT NULL,
  `nombre` varchar(250) DEFAULT NULL,
  `ubicacion` varchar(250) DEFAULT NULL,
  `descripcion` varchar(500) DEFAULT NULL
) ENGINE=InnoDB DEFAULT CHARSET=latin1;

--
-- Volcado de datos para la tabla `bodegas`
--

INSERT INTO `bodegas` (`id_bodega`, `nombre`, `ubicacion`, `descripcion`) VALUES
(1, 'BODEGA MACROLOTES', 'KM. 291.5 RUTA AL ATLANTICO MACROLOTES ATRAS DE ALDERSA PTO. BARRIOS IZABAL', 'x'),
(2, 'BODEGA YARA', 'x', 'x'),
(4, 'BODEGA PENDU', 'AGUA CALIENTE', 'X');

-- --------------------------------------------------------

--
-- Estructura de tabla para la tabla `categorias`
--

CREATE TABLE `categorias` (
  `id_categoria` int(11) NOT NULL,
  `nombre` varchar(250) DEFAULT NULL,
  `descripcion` varchar(500) DEFAULT NULL
) ENGINE=InnoDB DEFAULT CHARSET=latin1;

--
-- Volcado de datos para la tabla `categorias`
--

INSERT INTO `categorias` (`id_categoria`, `nombre`, `descripcion`) VALUES
(1, 'Materia Prima', 'x'),
(2, 'Procesados', 'x'),
(3, 'Tarimas', 'xx');

-- --------------------------------------------------------

--
-- Estructura de tabla para la tabla `contenedores`
--

CREATE TABLE `contenedores` (
  `id_contenedor` int(11) NOT NULL,
  `id_packing_list` int(11) DEFAULT NULL,
  `estado` varchar(75) DEFAULT NULL,
  `etiqueta` varchar(150) DEFAULT NULL,
  `fecha_ingreso` date DEFAULT NULL,
  `id_bodega` int(11) DEFAULT NULL,
  `tipo_ingreso` varchar(250) NOT NULL DEFAULT 'Barco'
) ENGINE=InnoDB DEFAULT CHARSET=latin1;

--
-- Volcado de datos para la tabla `contenedores`
--

INSERT INTO `contenedores` (`id_contenedor`, `id_packing_list`, `estado`, `etiqueta`, `fecha_ingreso`, `id_bodega`, `tipo_ingreso`) VALUES
(1, 1, 'Confirmado', 'TEMU 589485-7', '2019-09-14', 1, 'Barco'),
(2, 1, 'Confirmado', 'UACU 859632-4', '2019-09-16', 1, 'Barco'),
(3, 2, 'Confirmado', 'TKCU 584756-7', '2019-09-07', 2, 'Barco'),
(4, 2, 'Confirmado', 'TCLU 875545-8', '2019-09-08', 2, 'Barco'),
(5, 3, 'Confirmado', 'AKIA 895452-7', '2019-09-16', 4, 'Barco'),
(6, 3, 'Confirmado', 'PONU 857452-7', '2019-09-17', 4, 'Barco'),
(7, 4, 'Confirmado', 'PRUEBA_1', '2019-09-25', 2, 'Barco'),
(8, 4, 'Confirmado', 'PRUEBA_2', '2019-09-25', 1, 'Barco'),
(9, 4, 'Confirmado', 'PRUEBA_3', '2019-09-25', 2, 'Barco'),
(10, 4, 'Confirmado', 'PRUEBA_4', '2019-09-25', 1, 'Barco'),
(13, 7, 'Confirmado', '9876', '0000-00-00', 1, 'Local'),
(14, 8, 'Confirmado', '1389', '0000-00-00', 1, 'Local'),
(15, 9, 'Confirmado', 'BMOU 641827-9', '2019-09-22', 1, 'Barco'),
(16, 9, 'Confirmado', 'CMAU 4067671', '2019-09-22', 1, 'Barco');

-- --------------------------------------------------------

--
-- Estructura de tabla para la tabla `detalle_bodega`
--

CREATE TABLE `detalle_bodega` (
  `id_detalle_bodega` int(11) NOT NULL,
  `id_bodega` int(11) DEFAULT NULL,
  `id_material` int(11) DEFAULT NULL,
  `cantidad` int(11) DEFAULT NULL
) ENGINE=InnoDB DEFAULT CHARSET=utf8 COLLATE=utf8_spanish2_ci;

--
-- Volcado de datos para la tabla `detalle_bodega`
--

INSERT INTO `detalle_bodega` (`id_detalle_bodega`, `id_bodega`, `id_material`, `cantidad`) VALUES
(11, 1, 43, -420),
(22, 1, 11, 9428),
(33, 2, 10, 510101),
(44, 2, 42, 864),
(55, 4, 11, 9428),
(66, 4, 52, 1210),
(568, 2, 11, 9428),
(573, 1, 50, 2032),
(584, 1, 10, 510101),
(585, 1, 42, 0),
(587, 4, 63, 100);

-- --------------------------------------------------------

--
-- Estructura de tabla para la tabla `detalle_bodega_pro`
--

CREATE TABLE `detalle_bodega_pro` (
  `id_detalle_bodega_pro` int(11) NOT NULL,
  `id_bodega` int(11) DEFAULT NULL,
  `id_preset` int(11) DEFAULT NULL,
  `cantidad` int(11) DEFAULT NULL
) ENGINE=InnoDB DEFAULT CHARSET=utf8 COLLATE=utf8_spanish2_ci;

-- --------------------------------------------------------

--
-- Estructura de tabla para la tabla `detalle_orden`
--

CREATE TABLE `detalle_orden` (
  `id_detalle_orden` int(11) NOT NULL,
  `id_orden_producto` int(11) DEFAULT NULL,
  `id_detalle_preset` int(11) DEFAULT NULL,
  `id_bodega` int(11) DEFAULT NULL,
  `cantidad_utilizado` int(11) DEFAULT NULL
) ENGINE=InnoDB DEFAULT CHARSET=utf8 COLLATE=utf8_spanish2_ci;

-- --------------------------------------------------------

--
-- Estructura de tabla para la tabla `detalle_preset`
--

CREATE TABLE `detalle_preset` (
  `id_detalle_preset` int(11) NOT NULL,
  `id_preset` int(11) DEFAULT NULL,
  `id_material` int(11) DEFAULT NULL,
  `cantidad` decimal(9,0) DEFAULT NULL
) ENGINE=InnoDB DEFAULT CHARSET=latin1;

-- --------------------------------------------------------

--
-- Estructura de tabla para la tabla `detalle_procesado`
--

CREATE TABLE `detalle_procesado` (
  `id_detalle_procesado` int(11) NOT NULL,
  `id_materia_prima` int(11) NOT NULL,
  `cantidad_materia_prima` int(11) NOT NULL,
  `id_maquina` int(11) NOT NULL,
  `id_material_saliente` int(11) NOT NULL,
  `cantidad_saliente` int(11) NOT NULL,
  `rendimiento_esperado` int(11) NOT NULL,
  `id_bodega` int(11) NOT NULL,
  `estado` varchar(25) DEFAULT 'Sin Confirmar',
  `multiplo` int(11) DEFAULT NULL
) ENGINE=InnoDB DEFAULT CHARSET=latin1;

--
-- Volcado de datos para la tabla `detalle_procesado`
--

INSERT INTO `detalle_procesado` (`id_detalle_procesado`, `id_materia_prima`, `cantidad_materia_prima`, `id_maquina`, `id_material_saliente`, `cantidad_saliente`, `rendimiento_esperado`, `id_bodega`, `estado`, `multiplo`) VALUES
(1, 10, 420, 1, 59, 1680, 1680, 1, 'Confirmado', 2),
(2, 42, 96, 2, 63, 100, 100, 4, 'Confirmado', NULL);

-- --------------------------------------------------------

--
-- Estructura de tabla para la tabla `especificacion`
--

CREATE TABLE `especificacion` (
  `id_especificacion` int(11) NOT NULL,
  `nombre` varchar(250) DEFAULT NULL,
  `descripcion` varchar(500) DEFAULT NULL
) ENGINE=InnoDB DEFAULT CHARSET=latin1;

--
-- Volcado de datos para la tabla `especificacion`
--

INSERT INTO `especificacion` (`id_especificacion`, `nombre`, `descripcion`) VALUES
(1, 'AMERICANA', 'N/A'),
(4, 'EUROPEA', 'N/A');

-- --------------------------------------------------------

--
-- Estructura de tabla para la tabla `estado`
--

CREATE TABLE `estado` (
  `id_estado` int(11) NOT NULL,
  `nombre` varchar(250) DEFAULT NULL,
  `descripcion` varchar(500) DEFAULT NULL
) ENGINE=InnoDB DEFAULT CHARSET=latin1;

-- --------------------------------------------------------

--
-- Estructura de tabla para la tabla `maquinas`
--

CREATE TABLE `maquinas` (
  `id_maquina` int(11) NOT NULL,
  `nombre` varchar(250) DEFAULT NULL,
  `descripcion` varchar(250) DEFAULT NULL,
  `id_bodega` int(11) DEFAULT NULL
) ENGINE=InnoDB DEFAULT CHARSET=latin1;

--
-- Volcado de datos para la tabla `maquinas`
--

INSERT INTO `maquinas` (`id_maquina`, `nombre`, `descripcion`, `id_bodega`) VALUES
(1, 'CAPE 1', 'X', 1),
(2, 'CAPE 2', 'ENSAMBLADORA', 1),
(3, 'PENDU', '', 1);

-- --------------------------------------------------------

--
-- Estructura de tabla para la tabla `materiales`
--

CREATE TABLE `materiales` (
  `id_material` int(11) NOT NULL,
  `nombre` varchar(250) DEFAULT NULL,
  `largo` decimal(19,2) DEFAULT NULL,
  `grueso` decimal(19,2) DEFAULT NULL,
  `ancho` decimal(19,2) DEFAULT NULL,
  `m_cuadrados` decimal(19,2) DEFAULT NULL,
  `id_categoria` int(11) DEFAULT NULL
) ENGINE=InnoDB DEFAULT CHARSET=latin1;

--
-- Volcado de datos para la tabla `materiales`
--

INSERT INTO `materiales` (`id_material`, `nombre`, `largo`, `grueso`, `ancho`, `m_cuadrados`, `id_categoria`) VALUES
(10, 'T3', '1013.00', '17.50', '89.00', '0.08', 1),
(11, 'CB', '1216.00', '19.00', '127.00', '0.08', 1),
(42, 'BK', '3200.00', '89.00', '127.00', '0.04', 1),
(43, 'T1-B1', '1013.00', '17.50', '140.00', '0.00', 1),
(47, 'T1 EU', '1000.00', '17.00', '112.00', '0.00', 1),
(48, 'T2 EU', '1000.00', '17.00', '135.00', '0.00', 1),
(49, 'T3 EU', '1000.00', '17.00', '100.00', '0.00', 1),
(50, 'CB EU', '1200.00', '25.00', '100.00', '0.00', 1),
(51, 'B1 EU', '1000.00', '25.00', '100.00', '0.00', 1),
(52, 'BK EU', '1000.00', '95.00', '95.00', '0.00', 1),
(53, 'T1 BANANO', '1016.00', '16.00', '127.00', '0.00', 1),
(54, 'T3 BANANO', '1016.00', '16.00', '89.00', '0.00', 1),
(55, 'BASE BANANO', '1219.00', '35.00', '89.00', '0.00', 1),
(56, 'B1 BANANO', '1016.00', '16.00', '127.00', '0.00', 1),
(57, 'B2 BANANO', '1016.00', '16.00', '89.00', '0.00', 1),
(58, 'T1 GMA', '1016.00', '19.00', '140.00', '0.00', 1),
(59, 'T3 GMA', '1016.00', '19.00', '89.00', '0.00', 1),
(60, 'CB GMA', '1219.00', '19.00', '98.00', '0.00', 1),
(61, 'B1 GMA', '1016.00', '19.00', '89.00', '0.00', 1),
(62, 'B2-B3 GMA', '1041.00', '19.00', '98.00', '0.00', 1),
(63, 'BK1 GMA', '127.00', '89.00', '98.00', '0.00', 2),
(64, 'BK2 GMA', '89.00', '89.00', '98.00', '0.00', 2),
(65, 'T1 PIÑA', '1000.00', '16.00', '102.00', '0.00', 1),
(66, 'BASE PIÑA', '1200.00', '35.00', '89.00', '0.00', 1),
(67, 'B1 PIÑA', '1000.00', '16.00', '102.00', '0.00', 1);

-- --------------------------------------------------------

--
-- Estructura de tabla para la tabla `nave`
--

CREATE TABLE `nave` (
  `id_nave` int(11) NOT NULL,
  `nombre` varchar(250) DEFAULT NULL,
  `descripcion` varchar(500) DEFAULT NULL
) ENGINE=InnoDB DEFAULT CHARSET=latin1;

--
-- Volcado de datos para la tabla `nave`
--

INSERT INTO `nave` (`id_nave`, `nombre`, `descripcion`) VALUES
(1, 'RITA', 'X'),
(2, 'PESCARA', 'X'),
(3, 'SPIRIT OF AUCKLAND', 'X'),
(5, 'MARINER', 'X'),
(6, 'MARGARETE SCHULTE', 'X'),
(7, 'LORETTA', 'X'),
(8, 'SKIATHOS', 'X'),
(9, 'BARRY', 'X'),
(10, 'LUTETIA', 'X'),
(11, 'CAPELLA', ''),
(12, 'NORDAMELIA', ''),
(13, 'VIGO', 'X'),
(14, 'ANTOFAGASTA EXPRESS', ''),
(15, 'ALIANCA MANAUS', ''),
(16, 'SHREYA', 'X'),
(17, 'LETAVIA', 'X');

-- --------------------------------------------------------

--
-- Estructura de tabla para la tabla `orden_producto`
--

CREATE TABLE `orden_producto` (
  `id_orden_producto` int(11) NOT NULL,
  `id_bodega` int(11) DEFAULT NULL,
  `cantidad` int(111) DEFAULT NULL,
  `estado` varchar(75) COLLATE utf8_spanish2_ci DEFAULT 'Sin Confirmar',
  `fase` varchar(125) COLLATE utf8_spanish2_ci DEFAULT NULL,
  `id_preset` int(11) DEFAULT NULL,
  `fecha_orden` date DEFAULT NULL,
  `id_maquina` int(11) DEFAULT NULL
) ENGINE=InnoDB DEFAULT CHARSET=utf8 COLLATE=utf8_spanish2_ci;

-- --------------------------------------------------------

--
-- Estructura de tabla para la tabla `packing_list`
--

CREATE TABLE `packing_list` (
  `id_packing_list` int(11) NOT NULL,
  `numero_factura` varchar(250) DEFAULT NULL,
  `codigo_embarque` varchar(250) DEFAULT NULL,
  `razon_social` varchar(250) DEFAULT NULL,
  `mes` varchar(250) DEFAULT NULL,
  `fecha` date DEFAULT NULL,
  `total_contenedores` decimal(9,0) DEFAULT NULL,
  `contenedores_ingresados` decimal(9,0) DEFAULT NULL,
  `paquetes` decimal(9,0) DEFAULT NULL,
  `paquetes_fisicos` decimal(9,0) DEFAULT NULL,
  `obervaciones` varchar(250) DEFAULT NULL,
  `shipper` varchar(250) DEFAULT 'N/A',
  `fecha_inicio` date DEFAULT NULL,
  `fecha_cierre` date DEFAULT NULL,
  `id_nave` int(11) DEFAULT NULL,
  `id_especificacion` int(11) DEFAULT NULL,
  `estado` varchar(100) DEFAULT NULL,
  `poliza` varchar(250) DEFAULT NULL,
  `tipo_ingreso` varchar(250) DEFAULT 'Importacion',
  `correlativo` varchar(250) DEFAULT NULL,
  `ingreso_local` varchar(230) DEFAULT 'Local'
) ENGINE=InnoDB DEFAULT CHARSET=latin1;

--
-- Volcado de datos para la tabla `packing_list`
--

INSERT INTO `packing_list` (`id_packing_list`, `numero_factura`, `codigo_embarque`, `razon_social`, `mes`, `fecha`, `total_contenedores`, `contenedores_ingresados`, `paquetes`, `paquetes_fisicos`, `obervaciones`, `shipper`, `fecha_inicio`, `fecha_cierre`, `id_nave`, `id_especificacion`, `estado`, `poliza`, `tipo_ingreso`, `correlativo`, `ingreso_local`) VALUES
(1, '21068', 'HLCUSCL19548254', 'FRB', 'septiembre', '0000-00-00', '2', '2', '20', '0', 'Moho', 'CMPC', '2019-09-14', '0000-00-00', 9, 1, 'Cerrado', '274-9504231', 'Importacion', '01-19', 'Local'),
(2, '1200000000 B/1258455698 C', 'ONEYSCLV02159800', 'CRB', 'septiembre', '0000-00-00', '2', '2', '20', '0', 'ESCASO', 'TREE SERVICIOS', '2019-09-07', '2019-09-08', 12, 1, 'Cerrado', '274-854232', 'Importacion', '02-19', 'Local'),
(3, '89785', 'MSWG985674', 'FRB', 'septiembre', '0000-00-00', '2', '2', '20', '0', '', 'ARAUCO', '2019-09-16', '0000-00-00', 8, 1, 'Cerrado', '274-958475', 'Importacion', '03-19', 'Local'),
(4, '001', 'PRUEBA', 'PRUEBA', 'septiembre', '0000-00-00', '4', '4', '10', '10', 'n/a', 'Prueba', '2019-09-25', '2019-09-25', 1, 1, 'Cerrado', NULL, 'Importacion', NULL, 'Local'),
(7, '9876', NULL, NULL, 'septiembre', '0000-00-00', NULL, NULL, '10', '3', '', 'EL ', NULL, NULL, NULL, NULL, 'Pendiente', '123456789', 'Local', NULL, 'Local'),
(8, '1389', NULL, NULL, 'septiembre', '2019-11-09', NULL, NULL, '20', '3', '', 'EL RANCHO', NULL, NULL, NULL, NULL, 'Pendiente', '780052', 'Local', NULL, 'Local'),
(9, '19000035 C/ 19000036 B', 'SSZ0730913', 'CRB', 'septiembre', '0000-00-00', '2', '2', '10', '0', '', 'TREE SERVICIOS', '2019-09-22', '0000-00-00', 10, 1, 'Cerrado', '275-9685412', 'Importacion', '04-19', 'Local');

-- --------------------------------------------------------

--
-- Estructura de tabla para la tabla `paquetes`
--

CREATE TABLE `paquetes` (
  `id_paquete` int(11) NOT NULL,
  `id_material` int(11) DEFAULT NULL,
  `etiqueta` varchar(150) COLLATE utf8_spanish2_ci DEFAULT NULL,
  `id_packing_list` int(11) DEFAULT NULL,
  `piezas` int(11) DEFAULT NULL,
  `largo` decimal(11,2) DEFAULT NULL,
  `ancho` decimal(11,2) DEFAULT NULL,
  `grueso` decimal(11,2) DEFAULT NULL,
  `fecha_ingreso` date DEFAULT NULL,
  `estado` varchar(150) COLLATE utf8_spanish2_ci DEFAULT 'Sin Confirmar',
  `metros_cubicos` decimal(11,2) DEFAULT NULL,
  `id_bodega` int(11) DEFAULT NULL,
  `id_contenedor` int(11) DEFAULT NULL,
  `multiplo` decimal(11,4) DEFAULT NULL,
  `stock` int(11) DEFAULT NULL
) ENGINE=InnoDB DEFAULT CHARSET=utf8 COLLATE=utf8_spanish2_ci;

--
-- Volcado de datos para la tabla `paquetes`
--

INSERT INTO `paquetes` (`id_paquete`, `id_material`, `etiqueta`, `id_packing_list`, `piezas`, `largo`, `ancho`, `grueso`, `fecha_ingreso`, `estado`, `metros_cubicos`, `id_bodega`, `id_contenedor`, `multiplo`, `stock`) VALUES
(1, 43, '01', 1, 420, '4052.00', '140.00', '17.50', '2019-09-14', 'Confirmado', '4.17', 1, 1, '4.0000', 420),
(2, 43, '02', 1, 420, '4052.00', '140.00', '17.50', '2019-09-14', 'Confirmado', '4.17', 1, 1, '4.0000', 420),
(3, 43, '03', 1, 420, '4052.00', '140.00', '17.50', '2019-09-14', 'Confirmado', '4.17', 1, 1, '4.0000', 420),
(4, 43, '04', 1, 420, '4052.00', '140.00', '17.50', '2019-09-14', 'Confirmado', '4.17', 1, 1, '4.0000', 420),
(5, 43, '05', 1, 420, '4052.00', '140.00', '17.50', '2019-09-14', 'Confirmado', '4.17', 1, 1, '4.0000', 420),
(6, 43, '06', 1, 420, '4052.00', '140.00', '17.50', '2019-09-14', 'Confirmado', '4.17', 1, 1, '4.0000', 420),
(7, 43, '07', 1, 420, '4052.00', '140.00', '17.50', '2019-09-14', 'Confirmado', '4.17', 1, 1, '4.0000', 420),
(8, 43, '08', 1, 420, '4052.00', '140.00', '17.50', '2019-09-14', 'Confirmado', '4.17', 1, 1, '4.0000', 420),
(9, 43, '09', 1, 420, '4052.00', '140.00', '17.50', '2019-09-14', 'Confirmado', '4.17', 1, 1, '4.0000', 420),
(10, 43, '10', 1, 420, '4052.00', '140.00', '17.50', '2019-09-14', 'Confirmado', '4.17', 1, 1, '4.0000', 0),
(11, 11, '11', 1, 496, '1216.00', '127.00', '19.00', '2019-09-16', 'Confirmado', '1.46', 2, 2, '1.0000', 496),
(12, 11, '12', 1, 496, '1216.00', '127.00', '19.00', '2019-09-16', 'Confirmado', '1.46', 1, 2, '1.0000', 496),
(13, 11, '13', 1, 496, '1216.00', '127.00', '19.00', '2019-09-16', 'Confirmado', '1.46', 1, 2, '1.0000', 496),
(14, 11, '14', 1, 496, '1216.00', '127.00', '19.00', '2019-09-16', 'Confirmado', '1.46', 1, 2, '1.0000', 496),
(15, 11, '15', 1, 496, '1216.00', '127.00', '19.00', '2019-09-16', 'Confirmado', '1.46', 1, 2, '1.0000', 496),
(16, 11, '16', 1, 496, '1216.00', '127.00', '19.00', '2019-09-16', 'Confirmado', '1.46', 1, 2, '1.0000', 496),
(17, 11, '17', 1, 496, '1216.00', '127.00', '19.00', '2019-09-16', 'Confirmado', '1.46', 1, 2, '1.0000', 496),
(18, 11, '18', 1, 496, '1216.00', '127.00', '19.00', '2019-09-16', 'Confirmado', '1.46', 1, 2, '1.0000', 496),
(19, 11, '19', 1, 496, '1216.00', '127.00', '19.00', '2019-09-16', 'Confirmado', '1.46', 1, 2, '1.0000', 496),
(20, 11, '20', 1, 496, '1216.00', '127.00', '19.00', '2019-09-16', 'Confirmado', '1.46', 1, 2, '1.0000', 496),
(21, 10, '21', 2, 777, '1013.00', '89.00', '17.50', '2019-09-07', 'Confirmado', '1.23', 2, 3, '1.0000', 777),
(22, 10, '22', 2, 777, '1013.00', '89.00', '17.50', '2019-09-07', 'Confirmado', '1.23', 1, 3, '1.0000', 777),
(23, 10, '23', 2, 777, '1013.00', '89.00', '17.50', '2019-09-07', 'Confirmado', '1.23', 2, 3, '1.0000', 777),
(24, 10, '24', 2, 777, '1013.00', '89.00', '17.50', '2019-09-07', 'Confirmado', '1.23', 2, 3, '1.0000', 777),
(25, 10, '25', 2, 777, '1013.00', '89.00', '17.50', '2019-09-07', 'Confirmado', '1.23', 2, 3, '1.0000', 777),
(26, 10, '26', 2, 777, '1013.00', '89.00', '17.50', '2019-09-07', 'Confirmado', '1.23', 2, 3, '1.0000', 777),
(27, 10, '27', 2, 777, '1013.00', '89.00', '17.50', '2019-09-07', 'Confirmado', '1.23', 2, 3, '1.0000', 777),
(28, 10, '28', 2, 777, '1013.00', '89.00', '17.50', '2019-09-07', 'Confirmado', '1.23', 2, 3, '1.0000', 777),
(29, 10, '29', 2, 777, '1013.00', '89.00', '17.50', '2019-09-07', 'Confirmado', '1.23', 2, 3, '1.0000', 777),
(30, 10, '30', 2, 777, '1013.00', '89.00', '17.50', '2019-09-07', 'Confirmado', '1.23', 2, 3, '1.0000', 777),
(31, 42, '31', 2, 96, '1000.00', '127.00', '89.00', '2019-09-08', 'Confirmado', '1.09', 2, 4, '1481.0000', 96),
(32, 42, '32', 2, 96, '1000.00', '127.00', '89.00', '2019-09-08', 'Confirmado', '1.09', 1, 4, '1481.0000', 0),
(33, 42, '33', 2, 96, '1000.00', '127.00', '89.00', '2019-09-08', 'Confirmado', '1.09', 2, 4, '1481.0000', 96),
(34, 42, '34', 2, 96, '1000.00', '127.00', '89.00', '2019-09-08', 'Confirmado', '1.09', 2, 4, '1481.0000', 96),
(35, 42, '35', 2, 96, '1000.00', '127.00', '89.00', '2019-09-08', 'Confirmado', '1.09', 2, 4, '1481.0000', 96),
(36, 42, '36', 2, 96, '1000.00', '127.00', '89.00', '2019-09-08', 'Confirmado', '1.09', 2, 4, '1481.0000', 96),
(37, 42, '37', 2, 96, '1000.00', '127.00', '89.00', '2019-09-08', 'Confirmado', '1.09', 2, 4, '1481.0000', 96),
(38, 42, '38', 2, 96, '1000.00', '127.00', '89.00', '2019-09-08', 'Confirmado', '1.09', 2, 4, '1481.0000', 96),
(39, 42, '39', 2, 96, '1000.00', '127.00', '89.00', '2019-09-08', 'Confirmado', '1.09', 2, 4, '1481.0000', 96),
(40, 42, '40', 2, 96, '1000.00', '127.00', '89.00', '2019-09-08', 'Confirmado', '1.09', 2, 4, '1481.0000', 96),
(41, 11, '41', 3, 496, '1216.00', '127.00', '19.00', '2019-09-16', 'Confirmado', '1.46', 4, 5, '1.0000', 496),
(42, 11, '42', 3, 496, '1216.00', '127.00', '19.00', '2019-09-16', 'Confirmado', '1.46', 4, 5, '1.0000', 496),
(43, 11, '43', 3, 496, '1216.00', '127.00', '19.00', '2019-09-16', 'Confirmado', '1.46', 4, 5, '1.0000', 496),
(44, 11, '44', 3, 496, '1216.00', '127.00', '19.00', '2019-09-16', 'Confirmado', '1.46', 4, 5, '1.0000', 496),
(45, 11, '45', 3, 496, '1216.00', '127.00', '19.00', '2019-09-16', 'Confirmado', '1.46', 4, 5, '1.0000', 496),
(46, 11, '46', 3, 496, '1216.00', '127.00', '19.00', '2019-09-16', 'Confirmado', '1.46', 4, 5, '1.0000', 496),
(47, 11, '47', 3, 496, '1216.00', '127.00', '19.00', '2019-09-16', 'Confirmado', '1.46', 4, 5, '1.0000', 496),
(48, 11, '48', 3, 496, '1216.00', '127.00', '19.00', '2019-09-16', 'Confirmado', '1.46', 4, 5, '1.0000', 496),
(49, 11, '49', 3, 496, '1216.00', '127.00', '19.00', '2019-09-16', 'Confirmado', '1.46', 4, 5, '1.0000', 496),
(50, 11, '50', 3, 496, '1216.00', '127.00', '19.00', '2019-09-16', 'Confirmado', '1.46', 4, 5, '1.0000', 496),
(51, 52, '51', 3, 121, '1000.00', '95.00', '95.00', '2019-09-17', 'Confirmado', '1.09', 4, 6, '1295.0000', 121),
(52, 52, '52', 3, 121, '1000.00', '95.00', '95.00', '2019-09-17', 'Confirmado', '1.09', 4, 6, '1295.0000', 121),
(53, 52, '53', 3, 121, '1000.00', '95.00', '95.00', '2019-09-17', 'Confirmado', '1.09', 4, 6, '1295.0000', 121),
(54, 52, '54', 3, 121, '1000.00', '95.00', '95.00', '2019-09-17', 'Confirmado', '1.09', 4, 6, '1295.0000', 121),
(55, 52, '55', 3, 121, '1000.00', '95.00', '95.00', '2019-09-17', 'Confirmado', '1.09', 4, 6, '1295.0000', 121),
(56, 52, '56', 3, 121, '1000.00', '95.00', '95.00', '2019-09-17', 'Confirmado', '1.09', 4, 6, '1295.0000', 121),
(57, 52, '57', 3, 121, '1000.00', '95.00', '95.00', '2019-09-17', 'Confirmado', '1.09', 4, 6, '1295.0000', 121),
(58, 52, '58', 3, 121, '1000.00', '95.00', '95.00', '2019-09-17', 'Confirmado', '1.09', 4, 6, '1295.0000', 121),
(59, 52, '59', 3, 121, '1000.00', '95.00', '95.00', '2019-09-17', 'Confirmado', '1.09', 4, 6, '1295.0000', 121),
(60, 52, '60', 3, 121, '1000.00', '95.00', '95.00', '2019-09-17', 'Confirmado', '1.09', 4, 6, '1295.0000', 121),
(61, 10, '101', 4, 500, '1200.00', '200.00', '10.00', '2019-09-25', 'Confirmado', '1.20', 2, 7, '1.0000', 500),
(62, 10, '', 4, 500, '2555.00', '120.00', '25.00', '2019-09-25', 'Confirmado', '3.83', 1, 8, '2.0000', 500),
(63, 10, '', 4, 500, '2555.00', '120.00', '25.00', '2019-09-25', 'Confirmado', '3.83', 1, 8, '2.0000', 500),
(64, 10, '', 4, 500, '2555.00', '120.00', '25.00', '2019-09-25', 'Confirmado', '3.83', 1, 8, '2.0000', 500),
(65, 10, '', 4, 500, '2555.00', '120.00', '25.00', '2019-09-25', 'Confirmado', '3.83', 1, 8, '2.0000', 500),
(66, 10, '', 4, 500, '2555.00', '120.00', '25.00', '2019-09-25', 'Confirmado', '3.83', 1, 8, '2.0000', 500),
(67, 10, '', 4, 500, '2555.00', '120.00', '25.00', '2019-09-25', 'Confirmado', '3.83', 1, 8, '2.0000', 500),
(68, 10, '', 4, 500, '2555.00', '120.00', '25.00', '2019-09-25', 'Confirmado', '3.83', 1, 8, '2.0000', 500),
(69, 10, '', 4, 500, '2555.00', '120.00', '25.00', '2019-09-25', 'Confirmado', '3.83', 1, 8, '2.0000', 500),
(70, 10, '', 4, 500, '2555.00', '120.00', '25.00', '2019-09-25', 'Confirmado', '3.83', 1, 8, '2.0000', 500),
(71, 10, '', 4, 500, '2555.00', '120.00', '25.00', '2019-09-25', 'Confirmado', '3.83', 1, 8, '2.0000', 500),
(72, 10, '', 4, 500, '2555.00', '120.00', '25.00', '2019-09-25', 'Confirmado', '3.83', 1, 8, '2.0000', 500),
(73, 10, '', 4, 500, '2555.00', '120.00', '25.00', '2019-09-25', 'Confirmado', '3.83', 1, 8, '2.0000', 500),
(74, 10, '', 4, 500, '2555.00', '120.00', '25.00', '2019-09-25', 'Confirmado', '3.83', 1, 8, '2.0000', 500),
(75, 10, '', 4, 500, '2555.00', '120.00', '25.00', '2019-09-25', 'Confirmado', '3.83', 1, 8, '2.0000', 500),
(76, 10, '', 4, 500, '2555.00', '120.00', '25.00', '2019-09-25', 'Confirmado', '3.83', 1, 8, '2.0000', 500),
(77, 10, '', 4, 500, '2555.00', '120.00', '25.00', '2019-09-25', 'Confirmado', '3.83', 1, 8, '2.0000', 500),
(78, 10, '', 4, 500, '2555.00', '120.00', '25.00', '2019-09-25', 'Confirmado', '3.83', 1, 8, '2.0000', 500),
(79, 10, '', 4, 500, '2555.00', '120.00', '25.00', '2019-09-25', 'Confirmado', '3.83', 1, 8, '2.0000', 500),
(80, 10, '', 4, 500, '2555.00', '120.00', '25.00', '2019-09-25', 'Confirmado', '3.83', 1, 8, '2.0000', 500),
(81, 10, '', 4, 500, '2555.00', '120.00', '25.00', '2019-09-25', 'Confirmado', '3.83', 1, 8, '2.0000', 500),
(82, 10, '', 4, 500, '2555.00', '120.00', '25.00', '2019-09-25', 'Confirmado', '3.83', 1, 8, '2.0000', 500),
(83, 10, '', 4, 500, '2555.00', '120.00', '25.00', '2019-09-25', 'Confirmado', '3.83', 1, 8, '2.0000', 500),
(84, 10, '', 4, 500, '2555.00', '120.00', '25.00', '2019-09-25', 'Confirmado', '3.83', 1, 8, '2.0000', 500),
(85, 10, '', 4, 500, '2555.00', '120.00', '25.00', '2019-09-25', 'Confirmado', '3.83', 1, 8, '2.0000', 500),
(86, 10, '', 4, 500, '2555.00', '120.00', '25.00', '2019-09-25', 'Confirmado', '3.83', 1, 8, '2.0000', 500),
(87, 10, '', 4, 500, '2555.00', '120.00', '25.00', '2019-09-25', 'Confirmado', '3.83', 1, 8, '2.0000', 500),
(88, 10, '', 4, 500, '2555.00', '120.00', '25.00', '2019-09-25', 'Confirmado', '3.83', 1, 8, '2.0000', 500),
(89, 10, '', 4, 500, '2555.00', '120.00', '25.00', '2019-09-25', 'Confirmado', '3.83', 1, 8, '2.0000', 500),
(90, 10, '', 4, 500, '2555.00', '120.00', '25.00', '2019-09-25', 'Confirmado', '3.83', 1, 8, '2.0000', 500),
(91, 10, '', 4, 500, '2555.00', '120.00', '25.00', '2019-09-25', 'Confirmado', '3.83', 1, 8, '2.0000', 500),
(92, 10, '', 4, 500, '2555.00', '120.00', '25.00', '2019-09-25', 'Confirmado', '3.83', 1, 8, '2.0000', 500),
(93, 10, '', 4, 500, '2555.00', '120.00', '25.00', '2019-09-25', 'Confirmado', '3.83', 1, 8, '2.0000', 500),
(94, 10, '', 4, 500, '2555.00', '120.00', '25.00', '2019-09-25', 'Confirmado', '3.83', 1, 8, '2.0000', 500),
(95, 10, '', 4, 500, '2555.00', '120.00', '25.00', '2019-09-25', 'Confirmado', '3.83', 1, 8, '2.0000', 500),
(96, 10, '', 4, 500, '2555.00', '120.00', '25.00', '2019-09-25', 'Confirmado', '3.83', 1, 8, '2.0000', 500),
(97, 10, '', 4, 500, '2555.00', '120.00', '25.00', '2019-09-25', 'Confirmado', '3.83', 1, 8, '2.0000', 500),
(98, 10, '', 4, 500, '2555.00', '120.00', '25.00', '2019-09-25', 'Confirmado', '3.83', 1, 8, '2.0000', 500),
(99, 10, '', 4, 500, '2555.00', '120.00', '25.00', '2019-09-25', 'Confirmado', '3.83', 1, 8, '2.0000', 500),
(100, 10, '', 4, 500, '2555.00', '120.00', '25.00', '2019-09-25', 'Confirmado', '3.83', 1, 8, '2.0000', 500),
(101, 10, '', 4, 500, '2555.00', '120.00', '25.00', '2019-09-25', 'Confirmado', '3.83', 1, 8, '2.0000', 500),
(102, 10, '', 4, 500, '2555.00', '120.00', '25.00', '2019-09-25', 'Confirmado', '3.83', 1, 8, '2.0000', 500),
(103, 10, '', 4, 500, '2555.00', '120.00', '25.00', '2019-09-25', 'Confirmado', '3.83', 1, 8, '2.0000', 500),
(104, 10, '', 4, 500, '2555.00', '120.00', '25.00', '2019-09-25', 'Confirmado', '3.83', 1, 8, '2.0000', 500),
(105, 10, '', 4, 500, '2555.00', '120.00', '25.00', '2019-09-25', 'Confirmado', '3.83', 1, 8, '2.0000', 500),
(106, 10, '', 4, 500, '2555.00', '120.00', '25.00', '2019-09-25', 'Confirmado', '3.83', 1, 8, '2.0000', 500),
(107, 10, '', 4, 500, '2555.00', '120.00', '25.00', '2019-09-25', 'Confirmado', '3.83', 1, 8, '2.0000', 500),
(108, 10, '', 4, 500, '2555.00', '120.00', '25.00', '2019-09-25', 'Confirmado', '3.83', 1, 8, '2.0000', 500),
(109, 10, '', 4, 500, '2555.00', '120.00', '25.00', '2019-09-25', 'Confirmado', '3.83', 1, 8, '2.0000', 500),
(110, 10, '', 4, 500, '2555.00', '120.00', '25.00', '2019-09-25', 'Confirmado', '3.83', 1, 8, '2.0000', 500),
(111, 10, '', 4, 500, '2555.00', '120.00', '25.00', '2019-09-25', 'Confirmado', '3.83', 1, 8, '2.0000', 500),
(112, 10, '', 4, 500, '2555.00', '120.00', '25.00', '2019-09-25', 'Confirmado', '3.83', 1, 8, '2.0000', 500),
(113, 10, '', 4, 500, '2555.00', '120.00', '25.00', '2019-09-25', 'Confirmado', '3.83', 1, 8, '2.0000', 500),
(114, 10, '', 4, 500, '2555.00', '120.00', '25.00', '2019-09-25', 'Confirmado', '3.83', 1, 8, '2.0000', 500),
(115, 10, '', 4, 500, '2555.00', '120.00', '25.00', '2019-09-25', 'Confirmado', '3.83', 1, 8, '2.0000', 500),
(116, 10, '', 4, 500, '2555.00', '120.00', '25.00', '2019-09-25', 'Confirmado', '3.83', 1, 8, '2.0000', 500),
(117, 10, '', 4, 500, '2555.00', '120.00', '25.00', '2019-09-25', 'Confirmado', '3.83', 1, 8, '2.0000', 500),
(118, 10, '', 4, 500, '2555.00', '120.00', '25.00', '2019-09-25', 'Confirmado', '3.83', 1, 8, '2.0000', 500),
(119, 10, '', 4, 500, '2555.00', '120.00', '25.00', '2019-09-25', 'Confirmado', '3.83', 1, 8, '2.0000', 500),
(120, 10, '', 4, 500, '2555.00', '120.00', '25.00', '2019-09-25', 'Confirmado', '3.83', 1, 8, '2.0000', 500),
(121, 10, '', 4, 500, '2555.00', '120.00', '25.00', '2019-09-25', 'Confirmado', '3.83', 1, 8, '2.0000', 500),
(122, 10, '', 4, 500, '2555.00', '120.00', '25.00', '2019-09-25', 'Confirmado', '3.83', 1, 8, '2.0000', 500),
(123, 10, '', 4, 500, '2555.00', '120.00', '25.00', '2019-09-25', 'Confirmado', '3.83', 1, 8, '2.0000', 500),
(124, 10, '', 4, 500, '2555.00', '120.00', '25.00', '2019-09-25', 'Confirmado', '3.83', 1, 8, '2.0000', 500),
(125, 10, '', 4, 500, '2555.00', '120.00', '25.00', '2019-09-25', 'Confirmado', '3.83', 1, 8, '2.0000', 500),
(126, 10, '', 4, 500, '2555.00', '120.00', '25.00', '2019-09-25', 'Confirmado', '3.83', 1, 8, '2.0000', 500),
(127, 10, '', 4, 500, '2555.00', '120.00', '25.00', '2019-09-25', 'Confirmado', '3.83', 1, 8, '2.0000', 500),
(128, 10, '', 4, 500, '2555.00', '120.00', '25.00', '2019-09-25', 'Confirmado', '3.83', 1, 8, '2.0000', 500),
(129, 10, '', 4, 500, '2555.00', '120.00', '25.00', '2019-09-25', 'Confirmado', '3.83', 1, 8, '2.0000', 500),
(130, 10, '', 4, 500, '2555.00', '120.00', '25.00', '2019-09-25', 'Confirmado', '3.83', 1, 8, '2.0000', 500),
(131, 10, '', 4, 500, '2555.00', '120.00', '25.00', '2019-09-25', 'Confirmado', '3.83', 1, 8, '2.0000', 500),
(132, 10, '', 4, 500, '2555.00', '120.00', '25.00', '2019-09-25', 'Confirmado', '3.83', 1, 8, '2.0000', 500),
(133, 10, '', 4, 500, '2555.00', '120.00', '25.00', '2019-09-25', 'Confirmado', '3.83', 1, 8, '2.0000', 500),
(134, 10, '', 4, 500, '2555.00', '120.00', '25.00', '2019-09-25', 'Confirmado', '3.83', 1, 8, '2.0000', 500),
(135, 10, '', 4, 500, '2555.00', '120.00', '25.00', '2019-09-25', 'Confirmado', '3.83', 1, 8, '2.0000', 500),
(136, 10, '', 4, 500, '2555.00', '120.00', '25.00', '2019-09-25', 'Confirmado', '3.83', 1, 8, '2.0000', 500),
(137, 10, '', 4, 500, '2555.00', '120.00', '25.00', '2019-09-25', 'Confirmado', '3.83', 1, 8, '2.0000', 500),
(138, 10, '', 4, 500, '2555.00', '120.00', '25.00', '2019-09-25', 'Confirmado', '3.83', 1, 8, '2.0000', 500),
(139, 10, '', 4, 500, '2555.00', '120.00', '25.00', '2019-09-25', 'Confirmado', '3.83', 1, 8, '2.0000', 500),
(140, 10, '', 4, 500, '2555.00', '120.00', '25.00', '2019-09-25', 'Confirmado', '3.83', 1, 8, '2.0000', 500),
(141, 10, '', 4, 500, '2555.00', '120.00', '25.00', '2019-09-25', 'Confirmado', '3.83', 1, 8, '2.0000', 500),
(142, 10, '', 4, 500, '2555.00', '120.00', '25.00', '2019-09-25', 'Confirmado', '3.83', 1, 8, '2.0000', 500),
(143, 10, '', 4, 500, '2555.00', '120.00', '25.00', '2019-09-25', 'Confirmado', '3.83', 1, 8, '2.0000', 500),
(144, 10, '', 4, 500, '2555.00', '120.00', '25.00', '2019-09-25', 'Confirmado', '3.83', 1, 8, '2.0000', 500),
(145, 10, '', 4, 500, '2555.00', '120.00', '25.00', '2019-09-25', 'Confirmado', '3.83', 1, 8, '2.0000', 500),
(146, 10, '', 4, 500, '2555.00', '120.00', '25.00', '2019-09-25', 'Confirmado', '3.83', 1, 8, '2.0000', 500),
(147, 10, '', 4, 500, '2555.00', '120.00', '25.00', '2019-09-25', 'Confirmado', '3.83', 1, 8, '2.0000', 500),
(148, 10, '', 4, 500, '2555.00', '120.00', '25.00', '2019-09-25', 'Confirmado', '3.83', 1, 8, '2.0000', 500),
(149, 10, '', 4, 500, '2555.00', '120.00', '25.00', '2019-09-25', 'Confirmado', '3.83', 1, 8, '2.0000', 500),
(150, 10, '', 4, 500, '2555.00', '120.00', '25.00', '2019-09-25', 'Confirmado', '3.83', 1, 8, '2.0000', 500),
(151, 10, '', 4, 500, '2555.00', '120.00', '25.00', '2019-09-25', 'Confirmado', '3.83', 1, 8, '2.0000', 500),
(152, 10, '', 4, 500, '2555.00', '120.00', '25.00', '2019-09-25', 'Confirmado', '3.83', 1, 8, '2.0000', 500),
(153, 10, '', 4, 500, '2555.00', '120.00', '25.00', '2019-09-25', 'Confirmado', '3.83', 1, 8, '2.0000', 500),
(154, 10, '', 4, 500, '2555.00', '120.00', '25.00', '2019-09-25', 'Confirmado', '3.83', 1, 8, '2.0000', 500),
(155, 10, '', 4, 500, '2555.00', '120.00', '25.00', '2019-09-25', 'Confirmado', '3.83', 1, 8, '2.0000', 500),
(156, 10, '', 4, 500, '2555.00', '120.00', '25.00', '2019-09-25', 'Confirmado', '3.83', 1, 8, '2.0000', 500),
(157, 10, '', 4, 500, '2555.00', '120.00', '25.00', '2019-09-25', 'Confirmado', '3.83', 1, 8, '2.0000', 500),
(158, 10, '', 4, 500, '2555.00', '120.00', '25.00', '2019-09-25', 'Confirmado', '3.83', 1, 8, '2.0000', 500),
(159, 10, '', 4, 500, '2555.00', '120.00', '25.00', '2019-09-25', 'Confirmado', '3.83', 1, 8, '2.0000', 500),
(160, 10, '', 4, 500, '2555.00', '120.00', '25.00', '2019-09-25', 'Confirmado', '3.83', 1, 8, '2.0000', 500),
(161, 10, '', 4, 500, '2555.00', '120.00', '25.00', '2019-09-25', 'Confirmado', '3.83', 1, 8, '2.0000', 500),
(162, 10, '', 4, 500, '2555.00', '120.00', '25.00', '2019-09-25', 'Confirmado', '3.83', 1, 8, '2.0000', 500),
(163, 10, '', 4, 500, '2555.00', '120.00', '25.00', '2019-09-25', 'Confirmado', '3.83', 1, 8, '2.0000', 500),
(164, 10, '', 4, 500, '2555.00', '120.00', '25.00', '2019-09-25', 'Confirmado', '3.83', 1, 8, '2.0000', 500),
(165, 10, '', 4, 500, '2555.00', '120.00', '25.00', '2019-09-25', 'Confirmado', '3.83', 1, 8, '2.0000', 500),
(166, 10, '', 4, 500, '2555.00', '120.00', '25.00', '2019-09-25', 'Confirmado', '3.83', 1, 8, '2.0000', 500),
(167, 10, '', 4, 500, '2555.00', '120.00', '25.00', '2019-09-25', 'Confirmado', '3.83', 1, 8, '2.0000', 500),
(168, 10, '', 4, 500, '2555.00', '120.00', '25.00', '2019-09-25', 'Confirmado', '3.83', 1, 8, '2.0000', 500),
(169, 10, '', 4, 500, '2555.00', '120.00', '25.00', '2019-09-25', 'Confirmado', '3.83', 1, 8, '2.0000', 500),
(170, 10, '', 4, 500, '2555.00', '120.00', '25.00', '2019-09-25', 'Confirmado', '3.83', 1, 8, '2.0000', 500),
(171, 10, '', 4, 500, '2555.00', '120.00', '25.00', '2019-09-25', 'Confirmado', '3.83', 1, 8, '2.0000', 500),
(172, 10, '', 4, 500, '2555.00', '120.00', '25.00', '2019-09-25', 'Confirmado', '3.83', 1, 8, '2.0000', 500),
(173, 10, '', 4, 500, '2555.00', '120.00', '25.00', '2019-09-25', 'Confirmado', '3.83', 1, 8, '2.0000', 500),
(174, 10, '', 4, 500, '2555.00', '120.00', '25.00', '2019-09-25', 'Confirmado', '3.83', 1, 8, '2.0000', 500),
(175, 10, '', 4, 500, '2555.00', '120.00', '25.00', '2019-09-25', 'Confirmado', '3.83', 1, 8, '2.0000', 500),
(176, 10, '', 4, 500, '2555.00', '120.00', '25.00', '2019-09-25', 'Confirmado', '3.83', 1, 8, '2.0000', 500),
(177, 10, '', 4, 500, '2555.00', '120.00', '25.00', '2019-09-25', 'Confirmado', '3.83', 1, 8, '2.0000', 500),
(178, 10, '', 4, 500, '2555.00', '120.00', '25.00', '2019-09-25', 'Confirmado', '3.83', 1, 8, '2.0000', 500),
(179, 10, '', 4, 500, '2555.00', '120.00', '25.00', '2019-09-25', 'Confirmado', '3.83', 1, 8, '2.0000', 500),
(180, 10, '', 4, 500, '2555.00', '120.00', '25.00', '2019-09-25', 'Confirmado', '3.83', 1, 8, '2.0000', 500),
(181, 10, '', 4, 500, '2555.00', '120.00', '25.00', '2019-09-25', 'Confirmado', '3.83', 1, 8, '2.0000', 500),
(182, 10, '', 4, 500, '2555.00', '120.00', '25.00', '2019-09-25', 'Confirmado', '3.83', 1, 8, '2.0000', 500),
(183, 10, '', 4, 500, '2555.00', '120.00', '25.00', '2019-09-25', 'Confirmado', '3.83', 1, 8, '2.0000', 500),
(184, 10, '', 4, 500, '2555.00', '120.00', '25.00', '2019-09-25', 'Confirmado', '3.83', 1, 8, '2.0000', 500),
(185, 10, '', 4, 500, '2555.00', '120.00', '25.00', '2019-09-25', 'Confirmado', '3.83', 1, 8, '2.0000', 500),
(186, 10, '', 4, 500, '2555.00', '120.00', '25.00', '2019-09-25', 'Confirmado', '3.83', 1, 8, '2.0000', 500),
(187, 10, '', 4, 500, '2555.00', '120.00', '25.00', '2019-09-25', 'Confirmado', '3.83', 1, 8, '2.0000', 500),
(188, 10, '', 4, 500, '2555.00', '120.00', '25.00', '2019-09-25', 'Confirmado', '3.83', 1, 8, '2.0000', 500),
(189, 10, '', 4, 500, '2555.00', '120.00', '25.00', '2019-09-25', 'Confirmado', '3.83', 1, 8, '2.0000', 500),
(190, 10, '', 4, 500, '2555.00', '120.00', '25.00', '2019-09-25', 'Confirmado', '3.83', 1, 8, '2.0000', 500),
(191, 10, '', 4, 500, '2555.00', '120.00', '25.00', '2019-09-25', 'Confirmado', '3.83', 1, 8, '2.0000', 500),
(192, 10, '', 4, 500, '2555.00', '120.00', '25.00', '2019-09-25', 'Confirmado', '3.83', 1, 8, '2.0000', 500),
(193, 10, '', 4, 500, '2555.00', '120.00', '25.00', '2019-09-25', 'Confirmado', '3.83', 1, 8, '2.0000', 500),
(194, 10, '', 4, 500, '2555.00', '120.00', '25.00', '2019-09-25', 'Confirmado', '3.83', 1, 8, '2.0000', 500),
(195, 10, '', 4, 500, '2555.00', '120.00', '25.00', '2019-09-25', 'Confirmado', '3.83', 1, 8, '2.0000', 500),
(196, 10, '', 4, 500, '2555.00', '120.00', '25.00', '2019-09-25', 'Confirmado', '3.83', 1, 8, '2.0000', 500),
(197, 10, '', 4, 500, '2555.00', '120.00', '25.00', '2019-09-25', 'Confirmado', '3.83', 1, 8, '2.0000', 500),
(198, 10, '', 4, 500, '2555.00', '120.00', '25.00', '2019-09-25', 'Confirmado', '3.83', 1, 8, '2.0000', 500),
(199, 10, '', 4, 500, '2555.00', '120.00', '25.00', '2019-09-25', 'Confirmado', '3.83', 1, 8, '2.0000', 500),
(200, 10, '', 4, 500, '2555.00', '120.00', '25.00', '2019-09-25', 'Confirmado', '3.83', 1, 8, '2.0000', 500),
(201, 10, '', 4, 500, '2555.00', '120.00', '25.00', '2019-09-25', 'Confirmado', '3.83', 1, 8, '2.0000', 500),
(202, 10, '', 4, 500, '2555.00', '120.00', '25.00', '2019-09-25', 'Confirmado', '3.83', 1, 8, '2.0000', 500),
(203, 10, '', 4, 500, '2555.00', '120.00', '25.00', '2019-09-25', 'Confirmado', '3.83', 1, 8, '2.0000', 500),
(204, 10, '', 4, 500, '2555.00', '120.00', '25.00', '2019-09-25', 'Confirmado', '3.83', 1, 8, '2.0000', 500),
(205, 10, '', 4, 500, '2555.00', '120.00', '25.00', '2019-09-25', 'Confirmado', '3.83', 1, 8, '2.0000', 500),
(206, 10, '', 4, 500, '2555.00', '120.00', '25.00', '2019-09-25', 'Confirmado', '3.83', 1, 8, '2.0000', 500),
(207, 10, '', 4, 500, '2555.00', '120.00', '25.00', '2019-09-25', 'Confirmado', '3.83', 1, 8, '2.0000', 500),
(208, 10, '', 4, 500, '2555.00', '120.00', '25.00', '2019-09-25', 'Confirmado', '3.83', 1, 8, '2.0000', 500),
(209, 10, '', 4, 500, '2555.00', '120.00', '25.00', '2019-09-25', 'Confirmado', '3.83', 1, 8, '2.0000', 500),
(210, 10, '', 4, 500, '2555.00', '120.00', '25.00', '2019-09-25', 'Confirmado', '3.83', 1, 8, '2.0000', 500),
(211, 10, '', 4, 500, '2555.00', '120.00', '25.00', '2019-09-25', 'Confirmado', '3.83', 1, 8, '2.0000', 500),
(212, 10, '', 4, 500, '2555.00', '120.00', '25.00', '2019-09-25', 'Confirmado', '3.83', 1, 8, '2.0000', 500),
(213, 10, '', 4, 500, '2555.00', '120.00', '25.00', '2019-09-25', 'Confirmado', '3.83', 1, 8, '2.0000', 500),
(214, 10, '', 4, 500, '2555.00', '120.00', '25.00', '2019-09-25', 'Confirmado', '3.83', 1, 8, '2.0000', 500),
(215, 10, '', 4, 500, '2555.00', '120.00', '25.00', '2019-09-25', 'Confirmado', '3.83', 1, 8, '2.0000', 500),
(216, 10, '', 4, 500, '2555.00', '120.00', '25.00', '2019-09-25', 'Confirmado', '3.83', 1, 8, '2.0000', 500),
(217, 10, '', 4, 500, '2555.00', '120.00', '25.00', '2019-09-25', 'Confirmado', '3.83', 1, 8, '2.0000', 500),
(218, 10, '', 4, 500, '2555.00', '120.00', '25.00', '2019-09-25', 'Confirmado', '3.83', 1, 8, '2.0000', 500),
(219, 10, '', 4, 500, '2555.00', '120.00', '25.00', '2019-09-25', 'Confirmado', '3.83', 1, 8, '2.0000', 500),
(220, 10, '', 4, 500, '2555.00', '120.00', '25.00', '2019-09-25', 'Confirmado', '3.83', 1, 8, '2.0000', 500),
(221, 10, '', 4, 500, '2555.00', '120.00', '25.00', '2019-09-25', 'Confirmado', '3.83', 1, 8, '2.0000', 500),
(222, 10, '', 4, 500, '2555.00', '120.00', '25.00', '2019-09-25', 'Confirmado', '3.83', 1, 8, '2.0000', 500),
(223, 10, '', 4, 500, '2555.00', '120.00', '25.00', '2019-09-25', 'Confirmado', '3.83', 1, 8, '2.0000', 500),
(224, 10, '', 4, 500, '2555.00', '120.00', '25.00', '2019-09-25', 'Confirmado', '3.83', 1, 8, '2.0000', 500),
(225, 10, '', 4, 500, '2555.00', '120.00', '25.00', '2019-09-25', 'Confirmado', '3.83', 1, 8, '2.0000', 500),
(226, 10, '', 4, 500, '2555.00', '120.00', '25.00', '2019-09-25', 'Confirmado', '3.83', 1, 8, '2.0000', 500),
(227, 10, '', 4, 500, '2555.00', '120.00', '25.00', '2019-09-25', 'Confirmado', '3.83', 1, 8, '2.0000', 500),
(228, 10, '', 4, 500, '2555.00', '120.00', '25.00', '2019-09-25', 'Confirmado', '3.83', 1, 8, '2.0000', 500),
(229, 10, '', 4, 500, '2555.00', '120.00', '25.00', '2019-09-25', 'Confirmado', '3.83', 1, 8, '2.0000', 500),
(230, 10, '', 4, 500, '2555.00', '120.00', '25.00', '2019-09-25', 'Confirmado', '3.83', 1, 8, '2.0000', 500),
(231, 10, '', 4, 500, '2555.00', '120.00', '25.00', '2019-09-25', 'Confirmado', '3.83', 1, 8, '2.0000', 500),
(232, 10, '', 4, 500, '2555.00', '120.00', '25.00', '2019-09-25', 'Confirmado', '3.83', 1, 8, '2.0000', 500),
(233, 10, '', 4, 500, '2555.00', '120.00', '25.00', '2019-09-25', 'Confirmado', '3.83', 1, 8, '2.0000', 500),
(234, 10, '', 4, 500, '2555.00', '120.00', '25.00', '2019-09-25', 'Confirmado', '3.83', 1, 8, '2.0000', 500),
(235, 10, '', 4, 500, '2555.00', '120.00', '25.00', '2019-09-25', 'Confirmado', '3.83', 1, 8, '2.0000', 500),
(236, 10, '', 4, 500, '2555.00', '120.00', '25.00', '2019-09-25', 'Confirmado', '3.83', 1, 8, '2.0000', 500),
(237, 10, '', 4, 500, '2555.00', '120.00', '25.00', '2019-09-25', 'Confirmado', '3.83', 1, 8, '2.0000', 500),
(238, 10, '', 4, 500, '2555.00', '120.00', '25.00', '2019-09-25', 'Confirmado', '3.83', 1, 8, '2.0000', 500),
(239, 10, '', 4, 500, '2555.00', '120.00', '25.00', '2019-09-25', 'Confirmado', '3.83', 1, 8, '2.0000', 500),
(240, 10, '', 4, 500, '2555.00', '120.00', '25.00', '2019-09-25', 'Confirmado', '3.83', 1, 8, '2.0000', 500),
(241, 10, '', 4, 500, '2555.00', '120.00', '25.00', '2019-09-25', 'Confirmado', '3.83', 1, 8, '2.0000', 500),
(242, 10, '', 4, 500, '2555.00', '120.00', '25.00', '2019-09-25', 'Confirmado', '3.83', 1, 8, '2.0000', 500),
(243, 10, '', 4, 500, '2555.00', '120.00', '25.00', '2019-09-25', 'Confirmado', '3.83', 1, 8, '2.0000', 500),
(244, 10, '', 4, 500, '2555.00', '120.00', '25.00', '2019-09-25', 'Confirmado', '3.83', 1, 8, '2.0000', 500),
(245, 10, '', 4, 500, '2555.00', '120.00', '25.00', '2019-09-25', 'Confirmado', '3.83', 1, 8, '2.0000', 500),
(246, 10, '', 4, 500, '2555.00', '120.00', '25.00', '2019-09-25', 'Confirmado', '3.83', 1, 8, '2.0000', 500),
(247, 10, '', 4, 500, '2555.00', '120.00', '25.00', '2019-09-25', 'Confirmado', '3.83', 1, 8, '2.0000', 500),
(248, 10, '', 4, 500, '2555.00', '120.00', '25.00', '2019-09-25', 'Confirmado', '3.83', 1, 8, '2.0000', 500),
(249, 10, '', 4, 500, '2555.00', '120.00', '25.00', '2019-09-25', 'Confirmado', '3.83', 1, 8, '2.0000', 500),
(250, 10, '', 4, 500, '2555.00', '120.00', '25.00', '2019-09-25', 'Confirmado', '3.83', 1, 8, '2.0000', 500),
(251, 10, '', 4, 500, '2555.00', '120.00', '25.00', '2019-09-25', 'Confirmado', '3.83', 1, 8, '2.0000', 500),
(252, 10, '', 4, 500, '2555.00', '120.00', '25.00', '2019-09-25', 'Confirmado', '3.83', 1, 8, '2.0000', 500),
(253, 10, '', 4, 500, '2555.00', '120.00', '25.00', '2019-09-25', 'Confirmado', '3.83', 1, 8, '2.0000', 500),
(254, 10, '', 4, 500, '2555.00', '120.00', '25.00', '2019-09-25', 'Confirmado', '3.83', 1, 8, '2.0000', 500),
(255, 10, '', 4, 500, '2555.00', '120.00', '25.00', '2019-09-25', 'Confirmado', '3.83', 1, 8, '2.0000', 500),
(256, 10, '', 4, 500, '2555.00', '120.00', '25.00', '2019-09-25', 'Confirmado', '3.83', 1, 8, '2.0000', 500),
(257, 10, '', 4, 500, '2555.00', '120.00', '25.00', '2019-09-25', 'Confirmado', '3.83', 1, 8, '2.0000', 500),
(258, 10, '', 4, 500, '2555.00', '120.00', '25.00', '2019-09-25', 'Confirmado', '3.83', 1, 8, '2.0000', 500),
(259, 10, '', 4, 500, '2555.00', '120.00', '25.00', '2019-09-25', 'Confirmado', '3.83', 1, 8, '2.0000', 500),
(260, 10, '', 4, 500, '2555.00', '120.00', '25.00', '2019-09-25', 'Confirmado', '3.83', 1, 8, '2.0000', 500),
(261, 10, '', 4, 500, '2555.00', '120.00', '25.00', '2019-09-25', 'Confirmado', '3.83', 1, 8, '2.0000', 500),
(262, 10, '', 4, 500, '2555.00', '120.00', '25.00', '2019-09-25', 'Confirmado', '3.83', 1, 8, '2.0000', 500),
(263, 10, '', 4, 500, '2555.00', '120.00', '25.00', '2019-09-25', 'Confirmado', '3.83', 1, 8, '2.0000', 500),
(264, 10, '', 4, 500, '2555.00', '120.00', '25.00', '2019-09-25', 'Confirmado', '3.83', 1, 8, '2.0000', 500),
(265, 10, '', 4, 500, '2555.00', '120.00', '25.00', '2019-09-25', 'Confirmado', '3.83', 1, 8, '2.0000', 500),
(266, 10, '', 4, 500, '2555.00', '120.00', '25.00', '2019-09-25', 'Confirmado', '3.83', 1, 8, '2.0000', 500),
(267, 10, '', 4, 500, '2555.00', '120.00', '25.00', '2019-09-25', 'Confirmado', '3.83', 1, 8, '2.0000', 500),
(268, 10, '', 4, 500, '2555.00', '120.00', '25.00', '2019-09-25', 'Confirmado', '3.83', 1, 8, '2.0000', 500),
(269, 10, '', 4, 500, '2555.00', '120.00', '25.00', '2019-09-25', 'Confirmado', '3.83', 1, 8, '2.0000', 500),
(270, 10, '', 4, 500, '2555.00', '120.00', '25.00', '2019-09-25', 'Confirmado', '3.83', 1, 8, '2.0000', 500),
(271, 10, '', 4, 500, '2555.00', '120.00', '25.00', '2019-09-25', 'Confirmado', '3.83', 1, 8, '2.0000', 500),
(272, 10, '', 4, 500, '2555.00', '120.00', '25.00', '2019-09-25', 'Confirmado', '3.83', 1, 8, '2.0000', 500),
(273, 10, '', 4, 500, '2555.00', '120.00', '25.00', '2019-09-25', 'Confirmado', '3.83', 1, 8, '2.0000', 500),
(274, 10, '', 4, 500, '2555.00', '120.00', '25.00', '2019-09-25', 'Confirmado', '3.83', 1, 8, '2.0000', 500),
(275, 10, '', 4, 500, '2555.00', '120.00', '25.00', '2019-09-25', 'Confirmado', '3.83', 1, 8, '2.0000', 500),
(276, 10, '', 4, 500, '2555.00', '120.00', '25.00', '2019-09-25', 'Confirmado', '3.83', 1, 8, '2.0000', 500),
(277, 10, '', 4, 500, '2555.00', '120.00', '25.00', '2019-09-25', 'Confirmado', '3.83', 1, 8, '2.0000', 500),
(278, 10, '', 4, 500, '2555.00', '120.00', '25.00', '2019-09-25', 'Confirmado', '3.83', 1, 8, '2.0000', 500),
(279, 10, '', 4, 500, '2555.00', '120.00', '25.00', '2019-09-25', 'Confirmado', '3.83', 1, 8, '2.0000', 500),
(280, 10, '', 4, 500, '2555.00', '120.00', '25.00', '2019-09-25', 'Confirmado', '3.83', 1, 8, '2.0000', 500),
(281, 10, '', 4, 500, '2555.00', '120.00', '25.00', '2019-09-25', 'Confirmado', '3.83', 1, 8, '2.0000', 500),
(282, 10, '', 4, 500, '2555.00', '120.00', '25.00', '2019-09-25', 'Confirmado', '3.83', 1, 8, '2.0000', 500),
(283, 10, '', 4, 500, '2555.00', '120.00', '25.00', '2019-09-25', 'Confirmado', '3.83', 1, 8, '2.0000', 500),
(284, 10, '', 4, 500, '2555.00', '120.00', '25.00', '2019-09-25', 'Confirmado', '3.83', 1, 8, '2.0000', 500),
(285, 10, '', 4, 500, '2555.00', '120.00', '25.00', '2019-09-25', 'Confirmado', '3.83', 1, 8, '2.0000', 500),
(286, 10, '', 4, 500, '2555.00', '120.00', '25.00', '2019-09-25', 'Confirmado', '3.83', 1, 8, '2.0000', 500),
(287, 10, '', 4, 500, '2555.00', '120.00', '25.00', '2019-09-25', 'Confirmado', '3.83', 1, 8, '2.0000', 500),
(288, 10, '', 4, 500, '2555.00', '120.00', '25.00', '2019-09-25', 'Confirmado', '3.83', 1, 8, '2.0000', 500),
(289, 10, '', 4, 500, '2555.00', '120.00', '25.00', '2019-09-25', 'Confirmado', '3.83', 1, 8, '2.0000', 500),
(290, 10, '', 4, 500, '2555.00', '120.00', '25.00', '2019-09-25', 'Confirmado', '3.83', 1, 8, '2.0000', 500),
(291, 10, '', 4, 500, '2555.00', '120.00', '25.00', '2019-09-25', 'Confirmado', '3.83', 1, 8, '2.0000', 500),
(292, 10, '', 4, 500, '2555.00', '120.00', '25.00', '2019-09-25', 'Confirmado', '3.83', 1, 8, '2.0000', 500),
(293, 10, '', 4, 500, '2555.00', '120.00', '25.00', '2019-09-25', 'Confirmado', '3.83', 1, 8, '2.0000', 500),
(294, 10, '', 4, 500, '2555.00', '120.00', '25.00', '2019-09-25', 'Confirmado', '3.83', 1, 8, '2.0000', 500),
(295, 10, '', 4, 500, '2555.00', '120.00', '25.00', '2019-09-25', 'Confirmado', '3.83', 1, 8, '2.0000', 500),
(296, 10, '', 4, 500, '2555.00', '120.00', '25.00', '2019-09-25', 'Confirmado', '3.83', 1, 8, '2.0000', 500),
(297, 10, '', 4, 500, '2555.00', '120.00', '25.00', '2019-09-25', 'Confirmado', '3.83', 1, 8, '2.0000', 500),
(298, 10, '', 4, 500, '2555.00', '120.00', '25.00', '2019-09-25', 'Confirmado', '3.83', 1, 8, '2.0000', 500),
(299, 10, '', 4, 500, '2555.00', '120.00', '25.00', '2019-09-25', 'Confirmado', '3.83', 1, 8, '2.0000', 500),
(300, 10, '', 4, 500, '2555.00', '120.00', '25.00', '2019-09-25', 'Confirmado', '3.83', 1, 8, '2.0000', 500),
(301, 10, '', 4, 500, '2555.00', '120.00', '25.00', '2019-09-25', 'Confirmado', '3.83', 1, 8, '2.0000', 500),
(302, 10, '', 4, 500, '2555.00', '120.00', '25.00', '2019-09-25', 'Confirmado', '3.83', 1, 8, '2.0000', 500),
(303, 10, '', 4, 500, '2555.00', '120.00', '25.00', '2019-09-25', 'Confirmado', '3.83', 1, 8, '2.0000', 500),
(304, 10, '', 4, 500, '2555.00', '120.00', '25.00', '2019-09-25', 'Confirmado', '3.83', 1, 8, '2.0000', 500),
(305, 10, '', 4, 500, '2555.00', '120.00', '25.00', '2019-09-25', 'Confirmado', '3.83', 1, 8, '2.0000', 500),
(306, 10, '', 4, 500, '2555.00', '120.00', '25.00', '2019-09-25', 'Confirmado', '3.83', 1, 8, '2.0000', 500),
(307, 10, '', 4, 500, '2555.00', '120.00', '25.00', '2019-09-25', 'Confirmado', '3.83', 1, 8, '2.0000', 500),
(308, 10, '', 4, 500, '2555.00', '120.00', '25.00', '2019-09-25', 'Confirmado', '3.83', 1, 8, '2.0000', 500),
(309, 10, '', 4, 500, '2555.00', '120.00', '25.00', '2019-09-25', 'Confirmado', '3.83', 1, 8, '2.0000', 500),
(310, 10, '', 4, 500, '2555.00', '120.00', '25.00', '2019-09-25', 'Confirmado', '3.83', 1, 8, '2.0000', 500),
(311, 10, '', 4, 500, '2555.00', '120.00', '25.00', '2019-09-25', 'Confirmado', '3.83', 1, 8, '2.0000', 500),
(312, 10, '', 4, 500, '2555.00', '120.00', '25.00', '2019-09-25', 'Confirmado', '3.83', 1, 8, '2.0000', 500),
(313, 10, '', 4, 500, '2555.00', '120.00', '25.00', '2019-09-25', 'Confirmado', '3.83', 1, 8, '2.0000', 500),
(314, 10, '', 4, 500, '2555.00', '120.00', '25.00', '2019-09-25', 'Confirmado', '3.83', 1, 8, '2.0000', 500),
(315, 10, '', 4, 500, '2555.00', '120.00', '25.00', '2019-09-25', 'Confirmado', '3.83', 1, 8, '2.0000', 500),
(316, 10, '', 4, 500, '2555.00', '120.00', '25.00', '2019-09-25', 'Confirmado', '3.83', 1, 8, '2.0000', 500),
(317, 10, '', 4, 500, '2555.00', '120.00', '25.00', '2019-09-25', 'Confirmado', '3.83', 1, 8, '2.0000', 500),
(318, 10, '', 4, 500, '2555.00', '120.00', '25.00', '2019-09-25', 'Confirmado', '3.83', 1, 8, '2.0000', 500),
(319, 10, '', 4, 500, '2555.00', '120.00', '25.00', '2019-09-25', 'Confirmado', '3.83', 1, 8, '2.0000', 500),
(320, 10, '', 4, 500, '2555.00', '120.00', '25.00', '2019-09-25', 'Confirmado', '3.83', 1, 8, '2.0000', 500),
(321, 10, '', 4, 500, '2555.00', '120.00', '25.00', '2019-09-25', 'Confirmado', '3.83', 1, 8, '2.0000', 500),
(322, 10, '', 4, 500, '2555.00', '120.00', '25.00', '2019-09-25', 'Confirmado', '3.83', 1, 8, '2.0000', 500),
(323, 10, '', 4, 500, '2555.00', '120.00', '25.00', '2019-09-25', 'Confirmado', '3.83', 1, 8, '2.0000', 500),
(324, 10, '', 4, 500, '2555.00', '120.00', '25.00', '2019-09-25', 'Confirmado', '3.83', 1, 8, '2.0000', 500),
(325, 10, '', 4, 500, '2555.00', '120.00', '25.00', '2019-09-25', 'Confirmado', '3.83', 1, 8, '2.0000', 500),
(326, 10, '', 4, 500, '2555.00', '120.00', '25.00', '2019-09-25', 'Confirmado', '3.83', 1, 8, '2.0000', 500),
(327, 10, '', 4, 500, '2555.00', '120.00', '25.00', '2019-09-25', 'Confirmado', '3.83', 1, 8, '2.0000', 500),
(328, 10, '', 4, 500, '2555.00', '120.00', '25.00', '2019-09-25', 'Confirmado', '3.83', 1, 8, '2.0000', 500),
(329, 10, '', 4, 500, '2555.00', '120.00', '25.00', '2019-09-25', 'Confirmado', '3.83', 1, 8, '2.0000', 500),
(330, 10, '', 4, 500, '2555.00', '120.00', '25.00', '2019-09-25', 'Confirmado', '3.83', 1, 8, '2.0000', 500),
(331, 10, '', 4, 500, '2555.00', '120.00', '25.00', '2019-09-25', 'Confirmado', '3.83', 1, 8, '2.0000', 500),
(332, 10, '', 4, 500, '2555.00', '120.00', '25.00', '2019-09-25', 'Confirmado', '3.83', 1, 8, '2.0000', 500),
(333, 10, '', 4, 500, '2555.00', '120.00', '25.00', '2019-09-25', 'Confirmado', '3.83', 1, 8, '2.0000', 500),
(334, 10, '', 4, 500, '2555.00', '120.00', '25.00', '2019-09-25', 'Confirmado', '3.83', 1, 8, '2.0000', 500),
(335, 10, '', 4, 500, '2555.00', '120.00', '25.00', '2019-09-25', 'Confirmado', '3.83', 1, 8, '2.0000', 500),
(336, 10, '', 4, 500, '2555.00', '120.00', '25.00', '2019-09-25', 'Confirmado', '3.83', 1, 8, '2.0000', 500),
(337, 10, '', 4, 500, '2555.00', '120.00', '25.00', '2019-09-25', 'Confirmado', '3.83', 1, 8, '2.0000', 500),
(338, 10, '', 4, 500, '2555.00', '120.00', '25.00', '2019-09-25', 'Confirmado', '3.83', 1, 8, '2.0000', 500),
(339, 10, '', 4, 500, '2555.00', '120.00', '25.00', '2019-09-25', 'Confirmado', '3.83', 1, 8, '2.0000', 500),
(340, 10, '', 4, 500, '2555.00', '120.00', '25.00', '2019-09-25', 'Confirmado', '3.83', 1, 8, '2.0000', 500),
(341, 10, '', 4, 500, '2555.00', '120.00', '25.00', '2019-09-25', 'Confirmado', '3.83', 1, 8, '2.0000', 500),
(342, 10, '', 4, 500, '2555.00', '120.00', '25.00', '2019-09-25', 'Confirmado', '3.83', 1, 8, '2.0000', 500),
(343, 10, '', 4, 500, '2555.00', '120.00', '25.00', '2019-09-25', 'Confirmado', '3.83', 1, 8, '2.0000', 500),
(344, 10, '', 4, 500, '2555.00', '120.00', '25.00', '2019-09-25', 'Confirmado', '3.83', 1, 8, '2.0000', 500),
(345, 10, '', 4, 500, '2555.00', '120.00', '25.00', '2019-09-25', 'Confirmado', '3.83', 1, 8, '2.0000', 500),
(346, 10, '', 4, 500, '2555.00', '120.00', '25.00', '2019-09-25', 'Confirmado', '3.83', 1, 8, '2.0000', 500),
(347, 10, '', 4, 500, '2555.00', '120.00', '25.00', '2019-09-25', 'Confirmado', '3.83', 1, 8, '2.0000', 500),
(348, 10, '', 4, 500, '2555.00', '120.00', '25.00', '2019-09-25', 'Confirmado', '3.83', 1, 8, '2.0000', 500),
(349, 10, '', 4, 500, '2555.00', '120.00', '25.00', '2019-09-25', 'Confirmado', '3.83', 1, 8, '2.0000', 500),
(350, 10, '', 4, 500, '2555.00', '120.00', '25.00', '2019-09-25', 'Confirmado', '3.83', 1, 8, '2.0000', 500),
(351, 10, '', 4, 500, '2555.00', '120.00', '25.00', '2019-09-25', 'Confirmado', '3.83', 1, 8, '2.0000', 500),
(352, 10, '', 4, 500, '2555.00', '120.00', '25.00', '2019-09-25', 'Confirmado', '3.83', 1, 8, '2.0000', 500),
(353, 10, '', 4, 500, '2555.00', '120.00', '25.00', '2019-09-25', 'Confirmado', '3.83', 1, 8, '2.0000', 500),
(354, 10, '', 4, 500, '2555.00', '120.00', '25.00', '2019-09-25', 'Confirmado', '3.83', 1, 8, '2.0000', 500),
(355, 10, '', 4, 500, '2555.00', '120.00', '25.00', '2019-09-25', 'Confirmado', '3.83', 1, 8, '2.0000', 500),
(356, 10, '', 4, 500, '2555.00', '120.00', '25.00', '2019-09-25', 'Confirmado', '3.83', 1, 8, '2.0000', 500),
(357, 10, '', 4, 500, '2555.00', '120.00', '25.00', '2019-09-25', 'Confirmado', '3.83', 1, 8, '2.0000', 500),
(358, 10, '', 4, 500, '2555.00', '120.00', '25.00', '2019-09-25', 'Confirmado', '3.83', 1, 8, '2.0000', 500),
(359, 10, '', 4, 500, '2555.00', '120.00', '25.00', '2019-09-25', 'Confirmado', '3.83', 1, 8, '2.0000', 500),
(360, 10, '', 4, 500, '2555.00', '120.00', '25.00', '2019-09-25', 'Confirmado', '3.83', 1, 8, '2.0000', 500),
(361, 10, '', 4, 500, '2555.00', '120.00', '25.00', '2019-09-25', 'Confirmado', '3.83', 1, 8, '2.0000', 500),
(362, 10, '', 4, 500, '2555.00', '120.00', '25.00', '2019-09-25', 'Confirmado', '3.83', 1, 8, '2.0000', 500),
(363, 10, '', 4, 500, '2555.00', '120.00', '25.00', '2019-09-25', 'Confirmado', '3.83', 1, 8, '2.0000', 500),
(364, 10, '', 4, 500, '2555.00', '120.00', '25.00', '2019-09-25', 'Confirmado', '3.83', 1, 8, '2.0000', 500),
(365, 10, '', 4, 500, '2555.00', '120.00', '25.00', '2019-09-25', 'Confirmado', '3.83', 1, 8, '2.0000', 500),
(366, 10, '', 4, 500, '2555.00', '120.00', '25.00', '2019-09-25', 'Confirmado', '3.83', 1, 8, '2.0000', 500),
(367, 10, '', 4, 500, '2555.00', '120.00', '25.00', '2019-09-25', 'Confirmado', '3.83', 1, 8, '2.0000', 500),
(368, 10, '', 4, 500, '2555.00', '120.00', '25.00', '2019-09-25', 'Confirmado', '3.83', 1, 8, '2.0000', 500),
(369, 10, '', 4, 500, '2555.00', '120.00', '25.00', '2019-09-25', 'Confirmado', '3.83', 1, 8, '2.0000', 500),
(370, 10, '', 4, 500, '2555.00', '120.00', '25.00', '2019-09-25', 'Confirmado', '3.83', 1, 8, '2.0000', 500),
(371, 10, '', 4, 500, '2555.00', '120.00', '25.00', '2019-09-25', 'Confirmado', '3.83', 1, 8, '2.0000', 500),
(372, 10, '', 4, 500, '2555.00', '120.00', '25.00', '2019-09-25', 'Confirmado', '3.83', 1, 8, '2.0000', 500),
(373, 10, '', 4, 500, '2555.00', '120.00', '25.00', '2019-09-25', 'Confirmado', '3.83', 1, 8, '2.0000', 500),
(374, 10, '', 4, 500, '2555.00', '120.00', '25.00', '2019-09-25', 'Confirmado', '3.83', 1, 8, '2.0000', 500),
(375, 10, '', 4, 500, '2555.00', '120.00', '25.00', '2019-09-25', 'Confirmado', '3.83', 1, 8, '2.0000', 500),
(376, 10, '', 4, 500, '2555.00', '120.00', '25.00', '2019-09-25', 'Confirmado', '3.83', 1, 8, '2.0000', 500),
(377, 10, '', 4, 500, '2555.00', '120.00', '25.00', '2019-09-25', 'Confirmado', '3.83', 1, 8, '2.0000', 500),
(378, 10, '', 4, 500, '2555.00', '120.00', '25.00', '2019-09-25', 'Confirmado', '3.83', 1, 8, '2.0000', 500),
(379, 10, '', 4, 500, '2555.00', '120.00', '25.00', '2019-09-25', 'Confirmado', '3.83', 1, 8, '2.0000', 500),
(380, 10, '', 4, 500, '2555.00', '120.00', '25.00', '2019-09-25', 'Confirmado', '3.83', 1, 8, '2.0000', 500),
(381, 10, '', 4, 500, '2555.00', '120.00', '25.00', '2019-09-25', 'Confirmado', '3.83', 1, 8, '2.0000', 500),
(382, 10, '', 4, 500, '2555.00', '120.00', '25.00', '2019-09-25', 'Confirmado', '3.83', 1, 8, '2.0000', 500),
(383, 10, '', 4, 500, '2555.00', '120.00', '25.00', '2019-09-25', 'Confirmado', '3.83', 1, 8, '2.0000', 500),
(384, 10, '', 4, 500, '2555.00', '120.00', '25.00', '2019-09-25', 'Confirmado', '3.83', 1, 8, '2.0000', 500),
(385, 10, '', 4, 500, '2555.00', '120.00', '25.00', '2019-09-25', 'Confirmado', '3.83', 1, 8, '2.0000', 500),
(386, 10, '', 4, 500, '2555.00', '120.00', '25.00', '2019-09-25', 'Confirmado', '3.83', 1, 8, '2.0000', 500),
(387, 10, '', 4, 500, '2555.00', '120.00', '25.00', '2019-09-25', 'Confirmado', '3.83', 1, 8, '2.0000', 500),
(388, 10, '', 4, 500, '2555.00', '120.00', '25.00', '2019-09-25', 'Confirmado', '3.83', 1, 8, '2.0000', 500),
(389, 10, '', 4, 500, '2555.00', '120.00', '25.00', '2019-09-25', 'Confirmado', '3.83', 1, 8, '2.0000', 500),
(390, 10, '', 4, 500, '2555.00', '120.00', '25.00', '2019-09-25', 'Confirmado', '3.83', 1, 8, '2.0000', 500),
(391, 10, '', 4, 500, '2555.00', '120.00', '25.00', '2019-09-25', 'Confirmado', '3.83', 1, 8, '2.0000', 500),
(392, 10, '', 4, 500, '2555.00', '120.00', '25.00', '2019-09-25', 'Confirmado', '3.83', 1, 8, '2.0000', 500),
(393, 10, '', 4, 500, '2555.00', '120.00', '25.00', '2019-09-25', 'Confirmado', '3.83', 1, 8, '2.0000', 500),
(394, 10, '', 4, 500, '2555.00', '120.00', '25.00', '2019-09-25', 'Confirmado', '3.83', 1, 8, '2.0000', 500),
(395, 10, '', 4, 500, '2555.00', '120.00', '25.00', '2019-09-25', 'Confirmado', '3.83', 1, 8, '2.0000', 500),
(396, 10, '', 4, 500, '2555.00', '120.00', '25.00', '2019-09-25', 'Confirmado', '3.83', 1, 8, '2.0000', 500),
(397, 10, '', 4, 500, '2555.00', '120.00', '25.00', '2019-09-25', 'Confirmado', '3.83', 1, 8, '2.0000', 500),
(398, 10, '', 4, 500, '2555.00', '120.00', '25.00', '2019-09-25', 'Confirmado', '3.83', 1, 8, '2.0000', 500),
(399, 10, '', 4, 500, '2555.00', '120.00', '25.00', '2019-09-25', 'Confirmado', '3.83', 1, 8, '2.0000', 500),
(400, 10, '', 4, 500, '2555.00', '120.00', '25.00', '2019-09-25', 'Confirmado', '3.83', 1, 8, '2.0000', 500),
(401, 10, '', 4, 500, '2555.00', '120.00', '25.00', '2019-09-25', 'Confirmado', '3.83', 1, 8, '2.0000', 500),
(402, 10, '', 4, 500, '2555.00', '120.00', '25.00', '2019-09-25', 'Confirmado', '3.83', 1, 8, '2.0000', 500),
(403, 10, '', 4, 500, '2555.00', '120.00', '25.00', '2019-09-25', 'Confirmado', '3.83', 1, 8, '2.0000', 500),
(404, 10, '', 4, 500, '2555.00', '120.00', '25.00', '2019-09-25', 'Confirmado', '3.83', 1, 8, '2.0000', 500),
(405, 10, '', 4, 500, '2555.00', '120.00', '25.00', '2019-09-25', 'Confirmado', '3.83', 1, 8, '2.0000', 500),
(406, 10, '', 4, 500, '2555.00', '120.00', '25.00', '2019-09-25', 'Confirmado', '3.83', 1, 8, '2.0000', 500),
(407, 10, '', 4, 500, '2555.00', '120.00', '25.00', '2019-09-25', 'Confirmado', '3.83', 1, 8, '2.0000', 500),
(408, 10, '', 4, 500, '2555.00', '120.00', '25.00', '2019-09-25', 'Confirmado', '3.83', 1, 8, '2.0000', 500),
(409, 10, '', 4, 500, '2555.00', '120.00', '25.00', '2019-09-25', 'Confirmado', '3.83', 1, 8, '2.0000', 500),
(410, 10, '', 4, 500, '2555.00', '120.00', '25.00', '2019-09-25', 'Confirmado', '3.83', 1, 8, '2.0000', 500),
(411, 10, '', 4, 500, '2555.00', '120.00', '25.00', '2019-09-25', 'Confirmado', '3.83', 1, 8, '2.0000', 500),
(412, 10, '', 4, 500, '2555.00', '120.00', '25.00', '2019-09-25', 'Confirmado', '3.83', 1, 8, '2.0000', 500),
(413, 10, '', 4, 500, '2555.00', '120.00', '25.00', '2019-09-25', 'Confirmado', '3.83', 1, 8, '2.0000', 500),
(414, 10, '', 4, 500, '2555.00', '120.00', '25.00', '2019-09-25', 'Confirmado', '3.83', 1, 8, '2.0000', 500),
(415, 10, '', 4, 500, '2555.00', '120.00', '25.00', '2019-09-25', 'Confirmado', '3.83', 1, 8, '2.0000', 500),
(416, 10, '', 4, 500, '2555.00', '120.00', '25.00', '2019-09-25', 'Confirmado', '3.83', 1, 8, '2.0000', 500),
(417, 10, '', 4, 500, '2555.00', '120.00', '25.00', '2019-09-25', 'Confirmado', '3.83', 1, 8, '2.0000', 500),
(418, 10, '', 4, 500, '2555.00', '120.00', '25.00', '2019-09-25', 'Confirmado', '3.83', 1, 8, '2.0000', 500),
(419, 10, '', 4, 500, '2555.00', '120.00', '25.00', '2019-09-25', 'Confirmado', '3.83', 1, 8, '2.0000', 500),
(420, 10, '', 4, 500, '2555.00', '120.00', '25.00', '2019-09-25', 'Confirmado', '3.83', 1, 8, '2.0000', 500),
(421, 10, '', 4, 500, '2555.00', '120.00', '25.00', '2019-09-25', 'Confirmado', '3.83', 1, 8, '2.0000', 500),
(422, 10, '', 4, 500, '2555.00', '120.00', '25.00', '2019-09-25', 'Confirmado', '3.83', 1, 8, '2.0000', 500),
(423, 10, '', 4, 500, '2555.00', '120.00', '25.00', '2019-09-25', 'Confirmado', '3.83', 1, 8, '2.0000', 500),
(424, 10, '', 4, 500, '2555.00', '120.00', '25.00', '2019-09-25', 'Confirmado', '3.83', 1, 8, '2.0000', 500),
(425, 10, '', 4, 500, '2555.00', '120.00', '25.00', '2019-09-25', 'Confirmado', '3.83', 1, 8, '2.0000', 500),
(426, 10, '', 4, 500, '2555.00', '120.00', '25.00', '2019-09-25', 'Confirmado', '3.83', 1, 8, '2.0000', 500),
(427, 10, '', 4, 500, '2555.00', '120.00', '25.00', '2019-09-25', 'Confirmado', '3.83', 1, 8, '2.0000', 500),
(428, 10, '', 4, 500, '2555.00', '120.00', '25.00', '2019-09-25', 'Confirmado', '3.83', 1, 8, '2.0000', 500),
(429, 10, '', 4, 500, '2555.00', '120.00', '25.00', '2019-09-25', 'Confirmado', '3.83', 1, 8, '2.0000', 500),
(430, 10, '', 4, 500, '2555.00', '120.00', '25.00', '2019-09-25', 'Confirmado', '3.83', 1, 8, '2.0000', 500),
(431, 10, '', 4, 500, '2555.00', '120.00', '25.00', '2019-09-25', 'Confirmado', '3.83', 1, 8, '2.0000', 500),
(432, 10, '', 4, 500, '2555.00', '120.00', '25.00', '2019-09-25', 'Confirmado', '3.83', 1, 8, '2.0000', 500),
(433, 10, '', 4, 500, '2555.00', '120.00', '25.00', '2019-09-25', 'Confirmado', '3.83', 1, 8, '2.0000', 500),
(434, 10, '', 4, 500, '2555.00', '120.00', '25.00', '2019-09-25', 'Confirmado', '3.83', 1, 8, '2.0000', 500),
(435, 10, '', 4, 500, '2555.00', '120.00', '25.00', '2019-09-25', 'Confirmado', '3.83', 1, 8, '2.0000', 500),
(436, 10, '', 4, 500, '2555.00', '120.00', '25.00', '2019-09-25', 'Confirmado', '3.83', 1, 8, '2.0000', 500),
(437, 10, '', 4, 500, '2555.00', '120.00', '25.00', '2019-09-25', 'Confirmado', '3.83', 1, 8, '2.0000', 500),
(438, 10, '', 4, 500, '2555.00', '120.00', '25.00', '2019-09-25', 'Confirmado', '3.83', 1, 8, '2.0000', 500),
(439, 10, '', 4, 500, '2555.00', '120.00', '25.00', '2019-09-25', 'Confirmado', '3.83', 1, 8, '2.0000', 500),
(440, 10, '', 4, 500, '2555.00', '120.00', '25.00', '2019-09-25', 'Confirmado', '3.83', 1, 8, '2.0000', 500),
(441, 10, '', 4, 500, '2555.00', '120.00', '25.00', '2019-09-25', 'Confirmado', '3.83', 1, 8, '2.0000', 500),
(442, 10, '', 4, 500, '2555.00', '120.00', '25.00', '2019-09-25', 'Confirmado', '3.83', 1, 8, '2.0000', 500),
(443, 10, '', 4, 500, '2555.00', '120.00', '25.00', '2019-09-25', 'Confirmado', '3.83', 1, 8, '2.0000', 500),
(444, 10, '', 4, 500, '2555.00', '120.00', '25.00', '2019-09-25', 'Confirmado', '3.83', 1, 8, '2.0000', 500),
(445, 10, '', 4, 500, '2555.00', '120.00', '25.00', '2019-09-25', 'Confirmado', '3.83', 1, 8, '2.0000', 500),
(446, 10, '', 4, 500, '2555.00', '120.00', '25.00', '2019-09-25', 'Confirmado', '3.83', 1, 8, '2.0000', 500),
(447, 10, '', 4, 500, '2555.00', '120.00', '25.00', '2019-09-25', 'Confirmado', '3.83', 1, 8, '2.0000', 500),
(448, 10, '', 4, 500, '2555.00', '120.00', '25.00', '2019-09-25', 'Confirmado', '3.83', 1, 8, '2.0000', 500),
(449, 10, '', 4, 500, '2555.00', '120.00', '25.00', '2019-09-25', 'Confirmado', '3.83', 1, 8, '2.0000', 500),
(450, 10, '', 4, 500, '2555.00', '120.00', '25.00', '2019-09-25', 'Confirmado', '3.83', 1, 8, '2.0000', 500),
(451, 10, '', 4, 500, '2555.00', '120.00', '25.00', '2019-09-25', 'Confirmado', '3.83', 1, 8, '2.0000', 500),
(452, 10, '', 4, 500, '2555.00', '120.00', '25.00', '2019-09-25', 'Confirmado', '3.83', 1, 8, '2.0000', 500),
(453, 10, '', 4, 500, '2555.00', '120.00', '25.00', '2019-09-25', 'Confirmado', '3.83', 1, 8, '2.0000', 500),
(454, 10, '', 4, 500, '2555.00', '120.00', '25.00', '2019-09-25', 'Confirmado', '3.83', 1, 8, '2.0000', 500),
(455, 10, '', 4, 500, '2555.00', '120.00', '25.00', '2019-09-25', 'Confirmado', '3.83', 1, 8, '2.0000', 500),
(456, 10, '', 4, 500, '2555.00', '120.00', '25.00', '2019-09-25', 'Confirmado', '3.83', 1, 8, '2.0000', 500),
(457, 10, '', 4, 500, '2555.00', '120.00', '25.00', '2019-09-25', 'Confirmado', '3.83', 1, 8, '2.0000', 500),
(458, 10, '', 4, 500, '2555.00', '120.00', '25.00', '2019-09-25', 'Confirmado', '3.83', 1, 8, '2.0000', 500),
(459, 10, '', 4, 500, '2555.00', '120.00', '25.00', '2019-09-25', 'Confirmado', '3.83', 1, 8, '2.0000', 500),
(460, 10, '', 4, 500, '2555.00', '120.00', '25.00', '2019-09-25', 'Confirmado', '3.83', 1, 8, '2.0000', 500);
INSERT INTO `paquetes` (`id_paquete`, `id_material`, `etiqueta`, `id_packing_list`, `piezas`, `largo`, `ancho`, `grueso`, `fecha_ingreso`, `estado`, `metros_cubicos`, `id_bodega`, `id_contenedor`, `multiplo`, `stock`) VALUES
(461, 10, '', 4, 500, '2555.00', '120.00', '25.00', '2019-09-25', 'Confirmado', '3.83', 1, 8, '2.0000', 500),
(462, 10, '', 4, 500, '2555.00', '120.00', '25.00', '2019-09-25', 'Confirmado', '3.83', 1, 8, '2.0000', 500),
(463, 10, '', 4, 500, '2555.00', '120.00', '25.00', '2019-09-25', 'Confirmado', '3.83', 1, 8, '2.0000', 500),
(464, 10, '', 4, 500, '2555.00', '120.00', '25.00', '2019-09-25', 'Confirmado', '3.83', 1, 8, '2.0000', 500),
(465, 10, '', 4, 500, '2555.00', '120.00', '25.00', '2019-09-25', 'Confirmado', '3.83', 1, 8, '2.0000', 500),
(466, 10, '', 4, 500, '2555.00', '120.00', '25.00', '2019-09-25', 'Confirmado', '3.83', 1, 8, '2.0000', 500),
(467, 10, '', 4, 500, '2555.00', '120.00', '25.00', '2019-09-25', 'Confirmado', '3.83', 1, 8, '2.0000', 500),
(468, 10, '', 4, 500, '2555.00', '120.00', '25.00', '2019-09-25', 'Confirmado', '3.83', 1, 8, '2.0000', 500),
(469, 10, '', 4, 500, '2555.00', '120.00', '25.00', '2019-09-25', 'Confirmado', '3.83', 1, 8, '2.0000', 500),
(470, 10, '', 4, 500, '2555.00', '120.00', '25.00', '2019-09-25', 'Confirmado', '3.83', 1, 8, '2.0000', 500),
(471, 10, '', 4, 500, '2555.00', '120.00', '25.00', '2019-09-25', 'Confirmado', '3.83', 1, 8, '2.0000', 500),
(472, 10, '', 4, 500, '2555.00', '120.00', '25.00', '2019-09-25', 'Confirmado', '3.83', 1, 8, '2.0000', 500),
(473, 10, '', 4, 500, '2555.00', '120.00', '25.00', '2019-09-25', 'Confirmado', '3.83', 1, 8, '2.0000', 500),
(474, 10, '', 4, 500, '2555.00', '120.00', '25.00', '2019-09-25', 'Confirmado', '3.83', 1, 8, '2.0000', 500),
(475, 10, '', 4, 500, '2555.00', '120.00', '25.00', '2019-09-25', 'Confirmado', '3.83', 1, 8, '2.0000', 500),
(476, 10, '', 4, 500, '2555.00', '120.00', '25.00', '2019-09-25', 'Confirmado', '3.83', 1, 8, '2.0000', 500),
(477, 10, '', 4, 500, '2555.00', '120.00', '25.00', '2019-09-25', 'Confirmado', '3.83', 1, 8, '2.0000', 500),
(478, 10, '', 4, 500, '2555.00', '120.00', '25.00', '2019-09-25', 'Confirmado', '3.83', 1, 8, '2.0000', 500),
(479, 10, '', 4, 500, '2555.00', '120.00', '25.00', '2019-09-25', 'Confirmado', '3.83', 1, 8, '2.0000', 500),
(480, 10, '', 4, 500, '2555.00', '120.00', '25.00', '2019-09-25', 'Confirmado', '3.83', 1, 8, '2.0000', 500),
(481, 10, '', 4, 500, '2555.00', '120.00', '25.00', '2019-09-25', 'Confirmado', '3.83', 1, 8, '2.0000', 500),
(482, 10, '', 4, 500, '2555.00', '120.00', '25.00', '2019-09-25', 'Confirmado', '3.83', 1, 8, '2.0000', 500),
(483, 10, '', 4, 500, '2555.00', '120.00', '25.00', '2019-09-25', 'Confirmado', '3.83', 1, 8, '2.0000', 500),
(484, 10, '', 4, 500, '2555.00', '120.00', '25.00', '2019-09-25', 'Confirmado', '3.83', 1, 8, '2.0000', 500),
(485, 10, '', 4, 500, '2555.00', '120.00', '25.00', '2019-09-25', 'Confirmado', '3.83', 1, 8, '2.0000', 500),
(486, 10, '', 4, 500, '2555.00', '120.00', '25.00', '2019-09-25', 'Confirmado', '3.83', 1, 8, '2.0000', 500),
(487, 10, '', 4, 500, '2555.00', '120.00', '25.00', '2019-09-25', 'Confirmado', '3.83', 1, 8, '2.0000', 500),
(488, 10, '', 4, 500, '2555.00', '120.00', '25.00', '2019-09-25', 'Confirmado', '3.83', 1, 8, '2.0000', 500),
(489, 10, '', 4, 500, '2555.00', '120.00', '25.00', '2019-09-25', 'Confirmado', '3.83', 1, 8, '2.0000', 500),
(490, 10, '', 4, 500, '2555.00', '120.00', '25.00', '2019-09-25', 'Confirmado', '3.83', 1, 8, '2.0000', 500),
(491, 10, '', 4, 500, '2555.00', '120.00', '25.00', '2019-09-25', 'Confirmado', '3.83', 1, 8, '2.0000', 500),
(492, 10, '', 4, 500, '2555.00', '120.00', '25.00', '2019-09-25', 'Confirmado', '3.83', 1, 8, '2.0000', 500),
(493, 10, '', 4, 500, '2555.00', '120.00', '25.00', '2019-09-25', 'Confirmado', '3.83', 1, 8, '2.0000', 500),
(494, 10, '', 4, 500, '2555.00', '120.00', '25.00', '2019-09-25', 'Confirmado', '3.83', 1, 8, '2.0000', 500),
(495, 10, '', 4, 500, '2555.00', '120.00', '25.00', '2019-09-25', 'Confirmado', '3.83', 1, 8, '2.0000', 500),
(496, 10, '', 4, 500, '2555.00', '120.00', '25.00', '2019-09-25', 'Confirmado', '3.83', 1, 8, '2.0000', 500),
(497, 10, '', 4, 500, '2555.00', '120.00', '25.00', '2019-09-25', 'Confirmado', '3.83', 1, 8, '2.0000', 500),
(498, 10, '', 4, 500, '2555.00', '120.00', '25.00', '2019-09-25', 'Confirmado', '3.83', 1, 8, '2.0000', 500),
(499, 10, '', 4, 500, '2555.00', '120.00', '25.00', '2019-09-25', 'Confirmado', '3.83', 1, 8, '2.0000', 500),
(500, 10, '', 4, 500, '2555.00', '120.00', '25.00', '2019-09-25', 'Confirmado', '3.83', 1, 8, '2.0000', 500),
(501, 10, '', 4, 500, '2555.00', '120.00', '25.00', '2019-09-25', 'Confirmado', '3.83', 1, 8, '2.0000', 500),
(502, 10, '', 4, 500, '2555.00', '120.00', '25.00', '2019-09-25', 'Confirmado', '3.83', 1, 8, '2.0000', 500),
(503, 10, '', 4, 500, '2555.00', '120.00', '25.00', '2019-09-25', 'Confirmado', '3.83', 1, 8, '2.0000', 500),
(504, 10, '', 4, 500, '2555.00', '120.00', '25.00', '2019-09-25', 'Confirmado', '3.83', 1, 8, '2.0000', 500),
(505, 10, '', 4, 500, '2555.00', '120.00', '25.00', '2019-09-25', 'Confirmado', '3.83', 1, 8, '2.0000', 500),
(506, 10, '', 4, 500, '2555.00', '120.00', '25.00', '2019-09-25', 'Confirmado', '3.83', 1, 8, '2.0000', 500),
(507, 10, '', 4, 500, '2555.00', '120.00', '25.00', '2019-09-25', 'Confirmado', '3.83', 1, 8, '2.0000', 500),
(508, 10, '', 4, 500, '2555.00', '120.00', '25.00', '2019-09-25', 'Confirmado', '3.83', 1, 8, '2.0000', 500),
(509, 10, '', 4, 500, '2555.00', '120.00', '25.00', '2019-09-25', 'Confirmado', '3.83', 1, 8, '2.0000', 500),
(510, 10, '', 4, 500, '2555.00', '120.00', '25.00', '2019-09-25', 'Confirmado', '3.83', 1, 8, '2.0000', 500),
(511, 10, '', 4, 500, '2555.00', '120.00', '25.00', '2019-09-25', 'Confirmado', '3.83', 1, 8, '2.0000', 500),
(512, 10, '', 4, 500, '2555.00', '120.00', '25.00', '2019-09-25', 'Confirmado', '3.83', 1, 8, '2.0000', 500),
(513, 10, '', 4, 500, '2555.00', '120.00', '25.00', '2019-09-25', 'Confirmado', '3.83', 1, 8, '2.0000', 500),
(514, 10, '', 4, 500, '2555.00', '120.00', '25.00', '2019-09-25', 'Confirmado', '3.83', 1, 8, '2.0000', 500),
(515, 10, '', 4, 500, '2555.00', '120.00', '25.00', '2019-09-25', 'Confirmado', '3.83', 1, 8, '2.0000', 500),
(516, 10, '', 4, 500, '2555.00', '120.00', '25.00', '2019-09-25', 'Confirmado', '3.83', 1, 8, '2.0000', 500),
(517, 10, '', 4, 500, '2555.00', '120.00', '25.00', '2019-09-25', 'Confirmado', '3.83', 1, 8, '2.0000', 500),
(518, 10, '', 4, 500, '2555.00', '120.00', '25.00', '2019-09-25', 'Confirmado', '3.83', 1, 8, '2.0000', 500),
(519, 10, '', 4, 500, '2555.00', '120.00', '25.00', '2019-09-25', 'Confirmado', '3.83', 1, 8, '2.0000', 500),
(520, 10, '', 4, 500, '2555.00', '120.00', '25.00', '2019-09-25', 'Confirmado', '3.83', 1, 8, '2.0000', 500),
(521, 10, '', 4, 500, '2555.00', '120.00', '25.00', '2019-09-25', 'Confirmado', '3.83', 1, 8, '2.0000', 500),
(522, 10, '', 4, 500, '2555.00', '120.00', '25.00', '2019-09-25', 'Confirmado', '3.83', 1, 8, '2.0000', 500),
(523, 10, '', 4, 500, '2555.00', '120.00', '25.00', '2019-09-25', 'Confirmado', '3.83', 1, 8, '2.0000', 500),
(524, 10, '', 4, 500, '2555.00', '120.00', '25.00', '2019-09-25', 'Confirmado', '3.83', 1, 8, '2.0000', 500),
(525, 10, '', 4, 500, '2555.00', '120.00', '25.00', '2019-09-25', 'Confirmado', '3.83', 1, 8, '2.0000', 500),
(526, 10, '', 4, 500, '2555.00', '120.00', '25.00', '2019-09-25', 'Confirmado', '3.83', 1, 8, '2.0000', 500),
(527, 10, '', 4, 500, '2555.00', '120.00', '25.00', '2019-09-25', 'Confirmado', '3.83', 1, 8, '2.0000', 500),
(528, 10, '', 4, 500, '2555.00', '120.00', '25.00', '2019-09-25', 'Confirmado', '3.83', 1, 8, '2.0000', 500),
(529, 10, '', 4, 500, '2555.00', '120.00', '25.00', '2019-09-25', 'Confirmado', '3.83', 1, 8, '2.0000', 500),
(530, 10, '', 4, 500, '2555.00', '120.00', '25.00', '2019-09-25', 'Confirmado', '3.83', 1, 8, '2.0000', 500),
(531, 10, '', 4, 500, '2555.00', '120.00', '25.00', '2019-09-25', 'Confirmado', '3.83', 1, 8, '2.0000', 500),
(532, 10, '', 4, 500, '2555.00', '120.00', '25.00', '2019-09-25', 'Confirmado', '3.83', 1, 8, '2.0000', 500),
(533, 10, '', 4, 500, '2555.00', '120.00', '25.00', '2019-09-25', 'Confirmado', '3.83', 1, 8, '2.0000', 500),
(534, 10, '', 4, 500, '2555.00', '120.00', '25.00', '2019-09-25', 'Confirmado', '3.83', 1, 8, '2.0000', 500),
(535, 10, '', 4, 500, '2555.00', '120.00', '25.00', '2019-09-25', 'Confirmado', '3.83', 1, 8, '2.0000', 500),
(536, 10, '', 4, 500, '2555.00', '120.00', '25.00', '2019-09-25', 'Confirmado', '3.83', 1, 8, '2.0000', 500),
(537, 10, '', 4, 500, '2555.00', '120.00', '25.00', '2019-09-25', 'Confirmado', '3.83', 1, 8, '2.0000', 500),
(538, 10, '', 4, 500, '2555.00', '120.00', '25.00', '2019-09-25', 'Confirmado', '3.83', 1, 8, '2.0000', 500),
(539, 10, '', 4, 500, '2555.00', '120.00', '25.00', '2019-09-25', 'Confirmado', '3.83', 1, 8, '2.0000', 500),
(540, 10, '', 4, 500, '2555.00', '120.00', '25.00', '2019-09-25', 'Confirmado', '3.83', 1, 8, '2.0000', 500),
(541, 10, '', 4, 500, '2555.00', '120.00', '25.00', '2019-09-25', 'Confirmado', '3.83', 1, 8, '2.0000', 500),
(542, 10, '', 4, 500, '2555.00', '120.00', '25.00', '2019-09-25', 'Confirmado', '3.83', 1, 8, '2.0000', 500),
(543, 10, '', 4, 500, '2555.00', '120.00', '25.00', '2019-09-25', 'Confirmado', '3.83', 1, 8, '2.0000', 500),
(544, 10, '', 4, 500, '2555.00', '120.00', '25.00', '2019-09-25', 'Confirmado', '3.83', 1, 8, '2.0000', 500),
(545, 10, '', 4, 500, '2555.00', '120.00', '25.00', '2019-09-25', 'Confirmado', '3.83', 1, 8, '2.0000', 500),
(546, 10, '', 4, 500, '2555.00', '120.00', '25.00', '2019-09-25', 'Confirmado', '3.83', 1, 8, '2.0000', 500),
(547, 10, '', 4, 500, '2555.00', '120.00', '25.00', '2019-09-25', 'Confirmado', '3.83', 1, 8, '2.0000', 500),
(548, 10, '', 4, 500, '2555.00', '120.00', '25.00', '2019-09-25', 'Confirmado', '3.83', 1, 8, '2.0000', 500),
(549, 10, '', 4, 500, '2555.00', '120.00', '25.00', '2019-09-25', 'Confirmado', '3.83', 1, 8, '2.0000', 500),
(550, 10, '', 4, 500, '2555.00', '120.00', '25.00', '2019-09-25', 'Confirmado', '3.83', 1, 8, '2.0000', 500),
(551, 10, '', 4, 500, '2555.00', '120.00', '25.00', '2019-09-25', 'Confirmado', '3.83', 1, 8, '2.0000', 500),
(552, 10, '', 4, 500, '2555.00', '120.00', '25.00', '2019-09-25', 'Confirmado', '3.83', 1, 8, '2.0000', 500),
(553, 10, '', 4, 500, '2555.00', '120.00', '25.00', '2019-09-25', 'Confirmado', '3.83', 1, 8, '2.0000', 500),
(554, 10, '', 4, 500, '2555.00', '120.00', '25.00', '2019-09-25', 'Confirmado', '3.83', 1, 8, '2.0000', 500),
(555, 10, '', 4, 500, '2555.00', '120.00', '25.00', '2019-09-25', 'Confirmado', '3.83', 1, 8, '2.0000', 500),
(556, 10, '', 4, 500, '2555.00', '120.00', '25.00', '2019-09-25', 'Confirmado', '3.83', 1, 8, '2.0000', 500),
(557, 10, '', 4, 500, '2555.00', '120.00', '25.00', '2019-09-25', 'Confirmado', '3.83', 1, 8, '2.0000', 500),
(558, 10, '', 4, 500, '2555.00', '120.00', '25.00', '2019-09-25', 'Confirmado', '3.83', 1, 8, '2.0000', 500),
(559, 10, '', 4, 500, '2555.00', '120.00', '25.00', '2019-09-25', 'Confirmado', '3.83', 1, 8, '2.0000', 500),
(560, 10, '', 4, 500, '2555.00', '120.00', '25.00', '2019-09-25', 'Confirmado', '3.83', 1, 8, '2.0000', 500),
(561, 10, '', 4, 500, '2555.00', '120.00', '25.00', '2019-09-25', 'Confirmado', '3.83', 1, 8, '2.0000', 500),
(572, 11, '61', 7, 496, '1216.00', '127.00', '19.00', '0000-00-00', 'Confirmado', '1.46', 1, 13, '1.0000', 496),
(573, 11, '62', 7, 496, '1216.00', '127.00', '19.00', '0000-00-00', 'Confirmado', '1.46', 1, 13, '1.0000', 496),
(583, 11, '63', 7, 496, '1216.00', '127.00', '19.00', '0000-00-00', 'Confirmado', '1.46', 1, 13, '1.0000', 496),
(593, 10, '102', 4, 777, '2026.00', '89.00', '17.50', '2019-09-25', 'Confirmado', '2.45', 2, 7, '2.0000', 777),
(594, 10, '103', 4, 777, '2026.00', '89.00', '17.50', '2019-09-25', 'Confirmado', '2.45', 2, 7, '2.0000', 777),
(595, 10, '104', 4, 777, '2026.00', '89.00', '17.50', '2019-09-25', 'Confirmado', '2.45', 2, 7, '2.0000', 777),
(596, 10, '105', 4, 777, '2026.00', '89.00', '17.50', '2019-09-25', 'Confirmado', '2.45', 2, 7, '2.0000', 777),
(597, 50, '200', 8, 1016, '1200.00', '100.00', '25.00', '0000-00-00', 'Confirmado', '3.05', 1, 14, '1.0000', 1016),
(607, 50, '', 8, 1016, '1200.00', '100.00', '25.00', '0000-00-00', 'Confirmado', '3.05', 1, 14, '1.0000', 1016),
(608, 11, '201', 9, 496, '1216.00', '125.00', '17.00', '2019-09-22', 'Confirmado', '1.28', 1, 15, '1.0000', 496),
(609, 11, '202', 9, 496, '1216.00', '125.00', '17.00', '2019-09-22', 'Confirmado', '1.28', 1, 15, '1.0000', 496),
(610, 11, '203', 9, 496, '1216.00', '125.00', '17.00', '2019-09-22', 'Confirmado', '1.28', 1, 15, '1.0000', 496),
(611, 11, '204', 9, 496, '1216.00', '125.00', '17.00', '2019-09-22', 'Confirmado', '1.28', 1, 15, '1.0000', 496),
(612, 11, '205', 9, 496, '1216.00', '125.00', '17.00', '2019-09-22', 'Confirmado', '1.28', 1, 15, '1.0000', 496),
(613, 43, '206', 9, 532, '1013.00', '137.00', '16.00', '2019-09-22', 'Confirmado', '1.18', 1, 16, '1.0000', 532),
(614, 43, '207', 9, 532, '1013.00', '137.00', '16.00', '2019-09-22', 'Confirmado', '1.18', 1, 16, '1.0000', 532),
(615, 43, '208', 9, 532, '1013.00', '137.00', '16.00', '2019-09-22', 'Confirmado', '1.18', 1, 16, '1.0000', 532),
(616, 43, '209', 9, 532, '1013.00', '137.00', '16.00', '2019-09-22', 'Confirmado', '1.18', 1, 16, '1.0000', 532),
(617, 43, '210', 9, 532, '1013.00', '137.00', '16.00', '2019-09-22', 'Confirmado', '1.18', 1, 16, '1.0000', 532),
(618, 11, '', 8, 500, '1200.00', '120.00', '12.00', '0000-00-00', 'Confirmado', '0.86', 1, 14, '1.0000', 500);

-- --------------------------------------------------------

--
-- Estructura de tabla para la tabla `paquetes_temporal`
--

CREATE TABLE `paquetes_temporal` (
  `id_paquete` int(11) NOT NULL,
  `id_packing_list` int(11) DEFAULT NULL,
  `piezas` int(11) DEFAULT NULL,
  `largo` decimal(11,2) DEFAULT NULL,
  `ancho` decimal(11,2) DEFAULT NULL,
  `grueso` decimal(11,2) DEFAULT NULL,
  `fecha_ingreso` date DEFAULT NULL,
  `metros_cubicos` decimal(11,2) DEFAULT NULL,
  `id_bodega` int(11) DEFAULT NULL,
  `id_contenedor` int(11) DEFAULT NULL,
  `multiplo` decimal(11,4) DEFAULT NULL,
  `stock` int(11) DEFAULT NULL,
  `cantidad` int(11) DEFAULT NULL,
  `id_material` int(11) DEFAULT NULL,
  `generado` varchar(222) COLLATE utf8_spanish2_ci NOT NULL DEFAULT 'No'
) ENGINE=InnoDB DEFAULT CHARSET=utf8 COLLATE=utf8_spanish2_ci;

--
-- Volcado de datos para la tabla `paquetes_temporal`
--

INSERT INTO `paquetes_temporal` (`id_paquete`, `id_packing_list`, `piezas`, `largo`, `ancho`, `grueso`, `fecha_ingreso`, `metros_cubicos`, `id_bodega`, `id_contenedor`, `multiplo`, `stock`, `cantidad`, `id_material`, `generado`) VALUES
(1, 1, 420, '4052.00', '140.00', '17.50', '0000-00-00', '4.17', 0, 1, '4.0000', 420, 10, 43, 'Si'),
(2, 1, 496, '1216.00', '127.00', '19.00', '0000-00-00', '1.46', 0, 2, '1.0000', 496, 10, 11, 'Si'),
(3, 2, 777, '1013.00', '89.00', '17.50', '0000-00-00', '1.23', 0, 3, '1.0000', 777, 10, 10, 'Si'),
(4, 2, 96, '1000.00', '127.00', '89.00', '0000-00-00', '1.09', 0, 4, '1481.0000', 96, 10, 42, 'Si'),
(5, 3, 496, '1216.00', '127.00', '19.00', '0000-00-00', '1.46', 0, 5, '1.0000', 496, 10, 11, 'Si'),
(6, 3, 121, '1000.00', '95.00', '95.00', '0000-00-00', '1.09', 0, 6, '1295.0000', 121, 10, 52, 'Si'),
(7, 4, 500, '1200.00', '200.00', '10.00', '0000-00-00', '1.20', 0, 7, '1.0000', 500, 1, 10, 'Si'),
(8, 4, 500, '2555.00', '120.00', '25.00', '0000-00-00', '3.83', 0, 8, '2.0000', 500, 500, 10, 'Si'),
(9, 5, 496, '1216.00', '127.00', '19.00', '0000-00-00', '1.46', 1, 11, '1.0000', 496, 10, 11, 'Si'),
(10, 7, 496, '1216.00', '127.00', '19.00', '0000-00-00', '1.46', 1, 13, '1.0000', 496, 1, 11, 'Si'),
(11, 7, 496, '1216.00', '127.00', '19.00', '0000-00-00', '1.46', 1, 13, '1.0000', 496, 10, 11, 'Si'),
(12, 7, 496, '1216.00', '127.00', '19.00', '0000-00-00', '1.46', 1, 13, '1.0000', 496, 10, 11, 'Si'),
(13, 4, 777, '2026.00', '89.00', '17.50', '0000-00-00', '2.45', 0, 7, '2.0000', 777, 2, 10, 'Si'),
(14, 4, 777, '2026.00', '89.00', '17.50', '0000-00-00', '2.45', 0, 7, '2.0000', 777, 2, 10, 'Si'),
(15, 8, 1016, '1200.00', '100.00', '25.00', '0000-00-00', '3.05', 1, 14, '1.0000', 1016, 10, 50, 'Si'),
(16, 8, 1016, '1200.00', '100.00', '25.00', '0000-00-00', '3.05', 1, 14, '1.0000', 1016, 1, 50, 'Si'),
(17, 9, 496, '1216.00', '125.00', '17.00', '0000-00-00', '1.28', 0, 15, '1.0000', 496, 5, 11, 'Si'),
(18, 9, 532, '1013.00', '137.00', '16.00', '0000-00-00', '1.18', 0, 16, '1.0000', 532, 5, 43, 'Si'),
(19, 8, 500, '1200.00', '120.00', '12.00', '0000-00-00', '0.86', 1, 14, '1.0000', 500, 2, 11, 'Si');

-- --------------------------------------------------------

--
-- Estructura de tabla para la tabla `permisos`
--

CREATE TABLE `permisos` (
  `id_permiso` int(11) NOT NULL,
  `id_tipo_usuario` int(11) DEFAULT NULL,
  `campo_a` varchar(150) COLLATE utf8_spanish2_ci DEFAULT NULL,
  `campo_b` varchar(150) COLLATE utf8_spanish2_ci DEFAULT NULL,
  `campo_c` varchar(150) COLLATE utf8_spanish2_ci DEFAULT NULL,
  `campo_d` varchar(150) COLLATE utf8_spanish2_ci DEFAULT NULL,
  `campo_e` varchar(150) COLLATE utf8_spanish2_ci DEFAULT NULL,
  `campo_f` varchar(150) COLLATE utf8_spanish2_ci DEFAULT NULL,
  `campo_g` varchar(150) COLLATE utf8_spanish2_ci DEFAULT NULL,
  `campo_h` varchar(150) COLLATE utf8_spanish2_ci DEFAULT NULL,
  `campo_i` varchar(150) COLLATE utf8_spanish2_ci DEFAULT NULL,
  `campo_j` varchar(150) COLLATE utf8_spanish2_ci DEFAULT NULL,
  `campo_k` varchar(150) COLLATE utf8_spanish2_ci DEFAULT NULL,
  `campo_l` varchar(150) COLLATE utf8_spanish2_ci DEFAULT NULL,
  `campo_m` varchar(150) COLLATE utf8_spanish2_ci DEFAULT NULL,
  `campo_n` varchar(150) COLLATE utf8_spanish2_ci DEFAULT NULL,
  `campo_o` varchar(150) COLLATE utf8_spanish2_ci DEFAULT NULL,
  `campo_p` varchar(150) COLLATE utf8_spanish2_ci DEFAULT NULL,
  `campo_q` varchar(150) COLLATE utf8_spanish2_ci DEFAULT NULL,
  `campo_r` varchar(150) COLLATE utf8_spanish2_ci DEFAULT NULL,
  `campo_s` varchar(150) COLLATE utf8_spanish2_ci DEFAULT NULL,
  `campo_t` varchar(150) COLLATE utf8_spanish2_ci DEFAULT NULL,
  `campo_u` varchar(150) COLLATE utf8_spanish2_ci DEFAULT NULL,
  `campo_v` varchar(150) COLLATE utf8_spanish2_ci DEFAULT NULL,
  `campo_x` varchar(123) COLLATE utf8_spanish2_ci DEFAULT NULL
) ENGINE=InnoDB DEFAULT CHARSET=utf8 COLLATE=utf8_spanish2_ci;

--
-- Volcado de datos para la tabla `permisos`
--

INSERT INTO `permisos` (`id_permiso`, `id_tipo_usuario`, `campo_a`, `campo_b`, `campo_c`, `campo_d`, `campo_e`, `campo_f`, `campo_g`, `campo_h`, `campo_i`, `campo_j`, `campo_k`, `campo_l`, `campo_m`, `campo_n`, `campo_o`, `campo_p`, `campo_q`, `campo_r`, `campo_s`, `campo_t`, `campo_u`, `campo_v`, `campo_x`) VALUES
(1, 1, 'Si', 'Si', 'Si', 'Si', 'Si', 'Si', 'Si', 'Si', 'Si', 'Si', 'Si', 'Si', 'Si', 'Si', 'Si', 'Si', 'Si', 'Si', 'Si', 'Si', 'Si', 'Si', 'Si'),
(2, 4, '', '', '', 'Si', 'Si', 'si', '', '', '', '', 'Si', '', '', '', 'Si', 'Si', '', 'Si', 'Si', '', '', '', '');

-- --------------------------------------------------------

--
-- Estructura de tabla para la tabla `presets`
--

CREATE TABLE `presets` (
  `id_preset` int(11) NOT NULL,
  `nombre` varchar(250) DEFAULT NULL,
  `descripcion` varchar(500) DEFAULT NULL
) ENGINE=InnoDB DEFAULT CHARSET=latin1;

--
-- Volcado de datos para la tabla `presets`
--

INSERT INTO `presets` (`id_preset`, `nombre`, `descripcion`) VALUES
(1, 'TARIMA CHEP USA', 'X'),
(2, 'TARIMA CHEP EUROPA', 'X'),
(3, 'TARIMA AMERICANA BANANO', 'X'),
(4, 'TARIMA PEGMA03', 'X'),
(5, 'TARIMA AMERICANA PINA', 'X');

-- --------------------------------------------------------

--
-- Estructura de tabla para la tabla `proceso`
--

CREATE TABLE `proceso` (
  `id_proceso` int(11) NOT NULL,
  `material_entrada` varchar(250) DEFAULT NULL,
  `cantidad_entrada` decimal(9,0) DEFAULT NULL,
  `material_salida` varchar(250) DEFAULT NULL,
  `cantidad_salida` decimal(9,0) DEFAULT NULL,
  `productos_creados` decimal(9,0) DEFAULT NULL,
  `rendimiento_esperado` decimal(9,0) DEFAULT NULL,
  `id_contenedor` int(11) DEFAULT NULL,
  `id_maquina` int(11) DEFAULT NULL,
  `id_estado` int(11) DEFAULT NULL,
  `id_tipo_solicitud` int(11) DEFAULT NULL
) ENGINE=InnoDB DEFAULT CHARSET=latin1;

-- --------------------------------------------------------

--
-- Estructura de tabla para la tabla `shipper`
--

CREATE TABLE `shipper` (
  `id_shipper` int(11) NOT NULL,
  `nombre` varchar(250) DEFAULT NULL,
  `descripcion` varchar(500) DEFAULT NULL
) ENGINE=InnoDB DEFAULT CHARSET=latin1;

--
-- Volcado de datos para la tabla `shipper`
--

INSERT INTO `shipper` (`id_shipper`, `nombre`, `descripcion`) VALUES
(18, 'ALTOS HORIZONTES', 'INGRESA MATERIA PRIMA AMERICANA Y EUROPEA'),
(19, 'ARAUCO', 'CHILE'),
(20, 'ARAUCO ARGENTINA', 'ARGENTINA'),
(21, 'ASERRADERO JCE', 'N/A'),
(22, 'ASERRADERO POCO A POCO', 'N/A'),
(23, 'BATISTELLA', 'N/A'),
(24, 'CMPC', 'N/A'),
(25, 'DANKS', 'N/A'),
(26, 'IBI INTERNATIONAL', 'N/A'),
(27, 'IMNSUR (URUGUAY)', 'N/A'),
(28, 'IMNSUR (XELINA)', 'N/A'),
(29, 'KIMWOOD', 'N/A'),
(30, 'MASISA', 'N/A'),
(31, 'OCHOCO', 'N/A'),
(32, 'PACIFIC FOREST', 'N/A'),
(34, 'SERRABRAS', 'BRAZIL'),
(35, 'SERRATEC', 'N/A'),
(36, 'BRASILMAD', 'BRAZIL'),
(37, 'TREE SERVICIOS', 'BRAZIL');

-- --------------------------------------------------------

--
-- Estructura de tabla para la tabla `stock`
--

CREATE TABLE `stock` (
  `id_stock` int(11) NOT NULL,
  `cantidad` decimal(19,0) DEFAULT NULL,
  `id_material` int(11) DEFAULT NULL,
  `id_bodega` int(11) DEFAULT NULL
) ENGINE=InnoDB DEFAULT CHARSET=latin1;

-- --------------------------------------------------------

--
-- Estructura de tabla para la tabla `temporal`
--

CREATE TABLE `temporal` (
  `id_temporal` int(11) NOT NULL,
  `id_material` int(11) DEFAULT NULL,
  `id_bodega` int(11) DEFAULT NULL,
  `cantidad` int(111) DEFAULT NULL,
  `id_preset` int(11) DEFAULT NULL
) ENGINE=InnoDB DEFAULT CHARSET=utf8 COLLATE=utf8_spanish2_ci;

-- --------------------------------------------------------

--
-- Estructura de tabla para la tabla `tipo_solicitud`
--

CREATE TABLE `tipo_solicitud` (
  `id_tipo_solicitud` int(11) NOT NULL,
  `nombre` varchar(250) DEFAULT NULL,
  `descripcion` varchar(500) DEFAULT NULL
) ENGINE=InnoDB DEFAULT CHARSET=latin1;

-- --------------------------------------------------------

--
-- Estructura de tabla para la tabla `tipo_usuario`
--

CREATE TABLE `tipo_usuario` (
  `id_tipo_usuario` int(11) NOT NULL,
  `nombre` varchar(250) DEFAULT NULL,
  `descripcion` varchar(500) DEFAULT NULL
) ENGINE=InnoDB DEFAULT CHARSET=latin1;

--
-- Volcado de datos para la tabla `tipo_usuario`
--

INSERT INTO `tipo_usuario` (`id_tipo_usuario`, `nombre`, `descripcion`) VALUES
(1, 'Administrador', 'Administra el sitio '),
(4, 'Operador', 'Alimentacion de programa');

--
-- Disparadores `tipo_usuario`
--
DELIMITER $$
CREATE TRIGGER `permisosUsuario` AFTER INSERT ON `tipo_usuario` FOR EACH ROW INSERT INTO permisos(id_permiso,id_tipo_usuario,campo_a,campo_b,campo_c,campo_d,campo_e,campo_f,campo_g,campo_h,campo_i,campo_j,campo_k,campo_l,campo_m,campo_n,campo_o,campo_p,campo_q,campo_r,campo_s,campo_t,campo_u,campo_v,campo_x)
values(NULL,new.id_tipo_usuario,NULL,NULL,NULL,NULL,NULL,NULL,NULL,NULL,NULL,NULL,NULL,NULL,NULL,NULL,NULL,NULL,NULL,NULL,NULL,NULL,NULL,NULL)
$$
DELIMITER ;

-- --------------------------------------------------------

--
-- Estructura de tabla para la tabla `traslado`
--

CREATE TABLE `traslado` (
  `id_traslado` int(11) NOT NULL,
  `bodega_origen` int(11) DEFAULT NULL,
  `id_material` int(11) DEFAULT NULL,
  `cantidad` int(20) DEFAULT NULL,
  `bodega_destino` int(11) DEFAULT NULL,
  `estado` varchar(75) COLLATE utf8_spanish2_ci NOT NULL DEFAULT 'No Confirmado',
  `id_paquete` int(11) DEFAULT NULL
) ENGINE=InnoDB DEFAULT CHARSET=utf8 COLLATE=utf8_spanish2_ci;

--
-- Volcado de datos para la tabla `traslado`
--

INSERT INTO `traslado` (`id_traslado`, `bodega_origen`, `id_material`, `cantidad`, `bodega_destino`, `estado`, `id_paquete`) VALUES
(1, 1, 11, 496, 2, 'Confirmado', 11),
(2, 2, 10, 777, 1, 'Confirmado', 22),
(3, 2, 42, 96, 1, 'Confirmado', 32);

-- --------------------------------------------------------

--
-- Estructura de tabla para la tabla `traslado_pro`
--

CREATE TABLE `traslado_pro` (
  `id_traslado_pro` int(11) NOT NULL,
  `bodega_origen` int(11) DEFAULT NULL,
  `id_preset` int(11) DEFAULT NULL,
  `cantidad` int(20) DEFAULT NULL,
  `bodega_destino` int(11) DEFAULT NULL,
  `estado` varchar(75) COLLATE utf8_spanish2_ci NOT NULL DEFAULT 'No Confirmado'
) ENGINE=InnoDB DEFAULT CHARSET=utf8 COLLATE=utf8_spanish2_ci;

-- --------------------------------------------------------

--
-- Estructura de tabla para la tabla `usuarios`
--

CREATE TABLE `usuarios` (
  `id_usuarios` int(11) NOT NULL,
  `nombre` varchar(250) DEFAULT NULL,
  `apellido` varchar(250) DEFAULT NULL,
  `correo` varchar(250) DEFAULT NULL,
  `telefono` decimal(9,0) DEFAULT NULL,
  `contrasena` varchar(250) DEFAULT NULL,
  `id_tipo_usuario` int(11) DEFAULT NULL
) ENGINE=InnoDB DEFAULT CHARSET=latin1;

--
-- Volcado de datos para la tabla `usuarios`
--

INSERT INTO `usuarios` (`id_usuarios`, `nombre`, `apellido`, `correo`, `telefono`, `contrasena`, `id_tipo_usuario`) VALUES
(1, 'Administrador', 'Aserradero', 'administrador@gmail.com', '22589630', 'b20b0f63ce2ed361e8845d6bf2e59811aaa06ec96bcdb92f9bc0c5a25e83c9a6', 1),
(7, 'Rodolfo ', 'Garzona', 'rodolfo@rioblanco.com.gt', '22222222', '8d969eef6ecad3c29a3a629280e686cf0c3f5d5a86aff3ca12020c923adc6c92', 1),
(10, 'WILMER', 'PEREZ', 'wilmer19rioblanco@gmail.com', '123456', 'd6826220446436627796e6052054a41694e48808bbeac8cc3da6e4ac7f955ce0', 1);

--
-- Índices para tablas volcadas
--

--
-- Indices de la tabla `bitacora`
--
ALTER TABLE `bitacora`
  ADD PRIMARY KEY (`id_bitacora`),
  ADD KEY `FK_bitacora_usuario` (`id_usuario`);

--
-- Indices de la tabla `bodegas`
--
ALTER TABLE `bodegas`
  ADD PRIMARY KEY (`id_bodega`);

--
-- Indices de la tabla `categorias`
--
ALTER TABLE `categorias`
  ADD PRIMARY KEY (`id_categoria`);

--
-- Indices de la tabla `contenedores`
--
ALTER TABLE `contenedores`
  ADD PRIMARY KEY (`id_contenedor`),
  ADD KEY `id_packing_list` (`id_packing_list`);

--
-- Indices de la tabla `detalle_bodega`
--
ALTER TABLE `detalle_bodega`
  ADD PRIMARY KEY (`id_detalle_bodega`),
  ADD KEY `FK_DETLALE_1` (`id_bodega`),
  ADD KEY `FK_DETLALE_2` (`id_material`);

--
-- Indices de la tabla `detalle_bodega_pro`
--
ALTER TABLE `detalle_bodega_pro`
  ADD PRIMARY KEY (`id_detalle_bodega_pro`),
  ADD KEY `FK_BODEGA_PRO` (`id_bodega`),
  ADD KEY `FK_PRESETS` (`id_preset`);

--
-- Indices de la tabla `detalle_orden`
--
ALTER TABLE `detalle_orden`
  ADD PRIMARY KEY (`id_detalle_orden`),
  ADD KEY `FK_DETALLE_ORDEN` (`id_orden_producto`),
  ADD KEY `FK_DETALLE_PRESET` (`id_detalle_preset`),
  ADD KEY `FK_BODEGA_DESTINO` (`id_bodega`);

--
-- Indices de la tabla `detalle_preset`
--
ALTER TABLE `detalle_preset`
  ADD PRIMARY KEY (`id_detalle_preset`),
  ADD KEY `fk_preset_1` (`id_preset`),
  ADD KEY `fk_material_1` (`id_material`);

--
-- Indices de la tabla `detalle_procesado`
--
ALTER TABLE `detalle_procesado`
  ADD PRIMARY KEY (`id_detalle_procesado`);

--
-- Indices de la tabla `especificacion`
--
ALTER TABLE `especificacion`
  ADD PRIMARY KEY (`id_especificacion`);

--
-- Indices de la tabla `estado`
--
ALTER TABLE `estado`
  ADD PRIMARY KEY (`id_estado`);

--
-- Indices de la tabla `maquinas`
--
ALTER TABLE `maquinas`
  ADD PRIMARY KEY (`id_maquina`),
  ADD KEY `id_bodega` (`id_bodega`);

--
-- Indices de la tabla `materiales`
--
ALTER TABLE `materiales`
  ADD PRIMARY KEY (`id_material`),
  ADD KEY `id_categoria` (`id_categoria`);

--
-- Indices de la tabla `nave`
--
ALTER TABLE `nave`
  ADD PRIMARY KEY (`id_nave`);

--
-- Indices de la tabla `orden_producto`
--
ALTER TABLE `orden_producto`
  ADD PRIMARY KEY (`id_orden_producto`),
  ADD KEY `FK_orden_bodega` (`id_bodega`),
  ADD KEY `FK_orden_preset` (`id_preset`),
  ADD KEY `FK_ORDEN_MAQUINA` (`id_maquina`);

--
-- Indices de la tabla `packing_list`
--
ALTER TABLE `packing_list`
  ADD PRIMARY KEY (`id_packing_list`),
  ADD KEY `id_shipper` (`shipper`),
  ADD KEY `id_nave` (`id_nave`),
  ADD KEY `id_especificacion` (`id_especificacion`);

--
-- Indices de la tabla `paquetes`
--
ALTER TABLE `paquetes`
  ADD PRIMARY KEY (`id_paquete`),
  ADD KEY `FK_MATERIAL_PAQUETE` (`id_material`),
  ADD KEY `FK_PACKING` (`id_packing_list`);

--
-- Indices de la tabla `paquetes_temporal`
--
ALTER TABLE `paquetes_temporal`
  ADD PRIMARY KEY (`id_paquete`),
  ADD KEY `FK_material_paquete_temporal` (`id_material`);

--
-- Indices de la tabla `permisos`
--
ALTER TABLE `permisos`
  ADD PRIMARY KEY (`id_permiso`),
  ADD KEY `FK_TIPO_USUARIO` (`id_tipo_usuario`);

--
-- Indices de la tabla `presets`
--
ALTER TABLE `presets`
  ADD PRIMARY KEY (`id_preset`);

--
-- Indices de la tabla `proceso`
--
ALTER TABLE `proceso`
  ADD PRIMARY KEY (`id_proceso`),
  ADD KEY `id_contenedor` (`id_contenedor`),
  ADD KEY `id_maquina` (`id_maquina`),
  ADD KEY `id_estado` (`id_estado`),
  ADD KEY `id_tipo_solicitud` (`id_tipo_solicitud`);

--
-- Indices de la tabla `shipper`
--
ALTER TABLE `shipper`
  ADD PRIMARY KEY (`id_shipper`);

--
-- Indices de la tabla `stock`
--
ALTER TABLE `stock`
  ADD PRIMARY KEY (`id_stock`),
  ADD KEY `id_material` (`id_material`),
  ADD KEY `id_bodega` (`id_bodega`);

--
-- Indices de la tabla `temporal`
--
ALTER TABLE `temporal`
  ADD PRIMARY KEY (`id_temporal`),
  ADD KEY `FK_TEMPORAL_BODEGA` (`id_bodega`),
  ADD KEY `FK_TEMP_MATERIAL` (`id_material`),
  ADD KEY `FK_TEMP_PRESET` (`id_preset`);

--
-- Indices de la tabla `tipo_solicitud`
--
ALTER TABLE `tipo_solicitud`
  ADD PRIMARY KEY (`id_tipo_solicitud`);

--
-- Indices de la tabla `tipo_usuario`
--
ALTER TABLE `tipo_usuario`
  ADD PRIMARY KEY (`id_tipo_usuario`);

--
-- Indices de la tabla `traslado`
--
ALTER TABLE `traslado`
  ADD PRIMARY KEY (`id_traslado`),
  ADD KEY `FK_MATERIAL_TRASLADO` (`id_material`);

--
-- Indices de la tabla `traslado_pro`
--
ALTER TABLE `traslado_pro`
  ADD PRIMARY KEY (`id_traslado_pro`),
  ADD KEY `FK_PRESET_TRASLADO` (`id_preset`);

--
-- Indices de la tabla `usuarios`
--
ALTER TABLE `usuarios`
  ADD PRIMARY KEY (`id_usuarios`),
  ADD KEY `id_tipo_usuario` (`id_tipo_usuario`);

--
-- AUTO_INCREMENT de las tablas volcadas
--

--
-- AUTO_INCREMENT de la tabla `bitacora`
--
ALTER TABLE `bitacora`
  MODIFY `id_bitacora` int(11) NOT NULL AUTO_INCREMENT, AUTO_INCREMENT=34;

--
-- AUTO_INCREMENT de la tabla `bodegas`
--
ALTER TABLE `bodegas`
  MODIFY `id_bodega` int(11) NOT NULL AUTO_INCREMENT, AUTO_INCREMENT=5;

--
-- AUTO_INCREMENT de la tabla `categorias`
--
ALTER TABLE `categorias`
  MODIFY `id_categoria` int(11) NOT NULL AUTO_INCREMENT, AUTO_INCREMENT=4;

--
-- AUTO_INCREMENT de la tabla `contenedores`
--
ALTER TABLE `contenedores`
  MODIFY `id_contenedor` int(11) NOT NULL AUTO_INCREMENT, AUTO_INCREMENT=17;

--
-- AUTO_INCREMENT de la tabla `detalle_bodega`
--
ALTER TABLE `detalle_bodega`
  MODIFY `id_detalle_bodega` int(11) NOT NULL AUTO_INCREMENT, AUTO_INCREMENT=588;

--
-- AUTO_INCREMENT de la tabla `detalle_bodega_pro`
--
ALTER TABLE `detalle_bodega_pro`
  MODIFY `id_detalle_bodega_pro` int(11) NOT NULL AUTO_INCREMENT;

--
-- AUTO_INCREMENT de la tabla `detalle_orden`
--
ALTER TABLE `detalle_orden`
  MODIFY `id_detalle_orden` int(11) NOT NULL AUTO_INCREMENT;

--
-- AUTO_INCREMENT de la tabla `detalle_preset`
--
ALTER TABLE `detalle_preset`
  MODIFY `id_detalle_preset` int(11) NOT NULL AUTO_INCREMENT, AUTO_INCREMENT=40;

--
-- AUTO_INCREMENT de la tabla `detalle_procesado`
--
ALTER TABLE `detalle_procesado`
  MODIFY `id_detalle_procesado` int(11) NOT NULL AUTO_INCREMENT, AUTO_INCREMENT=3;

--
-- AUTO_INCREMENT de la tabla `especificacion`
--
ALTER TABLE `especificacion`
  MODIFY `id_especificacion` int(11) NOT NULL AUTO_INCREMENT, AUTO_INCREMENT=5;

--
-- AUTO_INCREMENT de la tabla `estado`
--
ALTER TABLE `estado`
  MODIFY `id_estado` int(11) NOT NULL AUTO_INCREMENT;

--
-- AUTO_INCREMENT de la tabla `maquinas`
--
ALTER TABLE `maquinas`
  MODIFY `id_maquina` int(11) NOT NULL AUTO_INCREMENT, AUTO_INCREMENT=4;

--
-- AUTO_INCREMENT de la tabla `materiales`
--
ALTER TABLE `materiales`
  MODIFY `id_material` int(11) NOT NULL AUTO_INCREMENT, AUTO_INCREMENT=68;

--
-- AUTO_INCREMENT de la tabla `nave`
--
ALTER TABLE `nave`
  MODIFY `id_nave` int(11) NOT NULL AUTO_INCREMENT, AUTO_INCREMENT=18;

--
-- AUTO_INCREMENT de la tabla `orden_producto`
--
ALTER TABLE `orden_producto`
  MODIFY `id_orden_producto` int(11) NOT NULL AUTO_INCREMENT;

--
-- AUTO_INCREMENT de la tabla `packing_list`
--
ALTER TABLE `packing_list`
  MODIFY `id_packing_list` int(11) NOT NULL AUTO_INCREMENT, AUTO_INCREMENT=10;

--
-- AUTO_INCREMENT de la tabla `paquetes`
--
ALTER TABLE `paquetes`
  MODIFY `id_paquete` int(11) NOT NULL AUTO_INCREMENT, AUTO_INCREMENT=620;

--
-- AUTO_INCREMENT de la tabla `paquetes_temporal`
--
ALTER TABLE `paquetes_temporal`
  MODIFY `id_paquete` int(11) NOT NULL AUTO_INCREMENT, AUTO_INCREMENT=20;

--
-- AUTO_INCREMENT de la tabla `permisos`
--
ALTER TABLE `permisos`
  MODIFY `id_permiso` int(11) NOT NULL AUTO_INCREMENT, AUTO_INCREMENT=3;

--
-- AUTO_INCREMENT de la tabla `presets`
--
ALTER TABLE `presets`
  MODIFY `id_preset` int(11) NOT NULL AUTO_INCREMENT, AUTO_INCREMENT=6;

--
-- AUTO_INCREMENT de la tabla `proceso`
--
ALTER TABLE `proceso`
  MODIFY `id_proceso` int(11) NOT NULL AUTO_INCREMENT;

--
-- AUTO_INCREMENT de la tabla `shipper`
--
ALTER TABLE `shipper`
  MODIFY `id_shipper` int(11) NOT NULL AUTO_INCREMENT, AUTO_INCREMENT=38;

--
-- AUTO_INCREMENT de la tabla `stock`
--
ALTER TABLE `stock`
  MODIFY `id_stock` int(11) NOT NULL AUTO_INCREMENT;

--
-- AUTO_INCREMENT de la tabla `temporal`
--
ALTER TABLE `temporal`
  MODIFY `id_temporal` int(11) NOT NULL AUTO_INCREMENT;

--
-- AUTO_INCREMENT de la tabla `tipo_solicitud`
--
ALTER TABLE `tipo_solicitud`
  MODIFY `id_tipo_solicitud` int(11) NOT NULL AUTO_INCREMENT;

--
-- AUTO_INCREMENT de la tabla `tipo_usuario`
--
ALTER TABLE `tipo_usuario`
  MODIFY `id_tipo_usuario` int(11) NOT NULL AUTO_INCREMENT, AUTO_INCREMENT=5;

--
-- AUTO_INCREMENT de la tabla `traslado`
--
ALTER TABLE `traslado`
  MODIFY `id_traslado` int(11) NOT NULL AUTO_INCREMENT, AUTO_INCREMENT=4;

--
-- AUTO_INCREMENT de la tabla `traslado_pro`
--
ALTER TABLE `traslado_pro`
  MODIFY `id_traslado_pro` int(11) NOT NULL AUTO_INCREMENT;

--
-- AUTO_INCREMENT de la tabla `usuarios`
--
ALTER TABLE `usuarios`
  MODIFY `id_usuarios` int(11) NOT NULL AUTO_INCREMENT, AUTO_INCREMENT=11;

--
-- Restricciones para tablas volcadas
--

--
-- Filtros para la tabla `contenedores`
--
ALTER TABLE `contenedores`
  ADD CONSTRAINT `contenedores_ibfk_1` FOREIGN KEY (`id_packing_list`) REFERENCES `packing_list` (`id_packing_list`) ON DELETE CASCADE ON UPDATE CASCADE;

--
-- Filtros para la tabla `detalle_bodega`
--
ALTER TABLE `detalle_bodega`
  ADD CONSTRAINT `FK_DETLALE_1` FOREIGN KEY (`id_bodega`) REFERENCES `bodegas` (`id_bodega`),
  ADD CONSTRAINT `FK_DETLALE_2` FOREIGN KEY (`id_material`) REFERENCES `materiales` (`id_material`);

--
-- Filtros para la tabla `detalle_bodega_pro`
--
ALTER TABLE `detalle_bodega_pro`
  ADD CONSTRAINT `FK_BODEGA_PRO` FOREIGN KEY (`id_bodega`) REFERENCES `bodegas` (`id_bodega`) ON DELETE CASCADE ON UPDATE CASCADE,
  ADD CONSTRAINT `FK_PRESETS` FOREIGN KEY (`id_preset`) REFERENCES `presets` (`id_preset`) ON DELETE CASCADE ON UPDATE CASCADE;

--
-- Filtros para la tabla `detalle_orden`
--
ALTER TABLE `detalle_orden`
  ADD CONSTRAINT `FK_BODEGA_DESTINO` FOREIGN KEY (`id_bodega`) REFERENCES `bodegas` (`id_bodega`) ON DELETE CASCADE ON UPDATE CASCADE,
  ADD CONSTRAINT `FK_DETALLE_ORDEN` FOREIGN KEY (`id_orden_producto`) REFERENCES `orden_producto` (`id_orden_producto`) ON DELETE CASCADE ON UPDATE CASCADE,
  ADD CONSTRAINT `FK_DETALLE_PRESET` FOREIGN KEY (`id_detalle_preset`) REFERENCES `detalle_preset` (`id_detalle_preset`) ON DELETE CASCADE ON UPDATE CASCADE;

--
-- Filtros para la tabla `detalle_preset`
--
ALTER TABLE `detalle_preset`
  ADD CONSTRAINT `fk_material_1` FOREIGN KEY (`id_material`) REFERENCES `materiales` (`id_material`) ON DELETE CASCADE ON UPDATE CASCADE,
  ADD CONSTRAINT `fk_preset_1` FOREIGN KEY (`id_preset`) REFERENCES `presets` (`id_preset`) ON DELETE CASCADE ON UPDATE CASCADE;

--
-- Filtros para la tabla `maquinas`
--
ALTER TABLE `maquinas`
  ADD CONSTRAINT `maquinas_ibfk_1` FOREIGN KEY (`id_bodega`) REFERENCES `bodegas` (`id_bodega`);

--
-- Filtros para la tabla `materiales`
--
ALTER TABLE `materiales`
  ADD CONSTRAINT `materiales_ibfk_1` FOREIGN KEY (`id_categoria`) REFERENCES `categorias` (`id_categoria`);

--
-- Filtros para la tabla `orden_producto`
--
ALTER TABLE `orden_producto`
  ADD CONSTRAINT `FK_ORDEN_MAQUINA` FOREIGN KEY (`id_maquina`) REFERENCES `maquinas` (`id_maquina`) ON DELETE CASCADE ON UPDATE CASCADE,
  ADD CONSTRAINT `FK_orden_bodega` FOREIGN KEY (`id_bodega`) REFERENCES `bodegas` (`id_bodega`) ON DELETE CASCADE ON UPDATE CASCADE,
  ADD CONSTRAINT `FK_orden_preset` FOREIGN KEY (`id_preset`) REFERENCES `presets` (`id_preset`) ON DELETE CASCADE ON UPDATE CASCADE;

--
-- Filtros para la tabla `packing_list`
--
ALTER TABLE `packing_list`
  ADD CONSTRAINT `packing_list_ibfk_2` FOREIGN KEY (`id_nave`) REFERENCES `nave` (`id_nave`) ON DELETE CASCADE ON UPDATE CASCADE,
  ADD CONSTRAINT `packing_list_ibfk_3` FOREIGN KEY (`id_especificacion`) REFERENCES `especificacion` (`id_especificacion`) ON DELETE CASCADE ON UPDATE CASCADE;

--
-- Filtros para la tabla `paquetes`
--
ALTER TABLE `paquetes`
  ADD CONSTRAINT `FK_MATERIAL_PAQUETE` FOREIGN KEY (`id_material`) REFERENCES `materiales` (`id_material`) ON DELETE CASCADE ON UPDATE CASCADE,
  ADD CONSTRAINT `FK_PACKING_PAQUETE` FOREIGN KEY (`id_packing_list`) REFERENCES `packing_list` (`id_packing_list`) ON DELETE CASCADE ON UPDATE CASCADE;

--
-- Filtros para la tabla `paquetes_temporal`
--
ALTER TABLE `paquetes_temporal`
  ADD CONSTRAINT `FK_material_paquete_temporal` FOREIGN KEY (`id_material`) REFERENCES `materiales` (`id_material`) ON DELETE CASCADE ON UPDATE CASCADE;

--
-- Filtros para la tabla `permisos`
--
ALTER TABLE `permisos`
  ADD CONSTRAINT `FK_TIPO_USUARIO` FOREIGN KEY (`id_tipo_usuario`) REFERENCES `tipo_usuario` (`id_tipo_usuario`) ON DELETE CASCADE ON UPDATE CASCADE;

--
-- Filtros para la tabla `proceso`
--
ALTER TABLE `proceso`
  ADD CONSTRAINT `proceso_ibfk_1` FOREIGN KEY (`id_contenedor`) REFERENCES `contenedores` (`id_contenedor`),
  ADD CONSTRAINT `proceso_ibfk_2` FOREIGN KEY (`id_maquina`) REFERENCES `maquinas` (`id_maquina`),
  ADD CONSTRAINT `proceso_ibfk_3` FOREIGN KEY (`id_estado`) REFERENCES `estado` (`id_estado`),
  ADD CONSTRAINT `proceso_ibfk_4` FOREIGN KEY (`id_tipo_solicitud`) REFERENCES `tipo_solicitud` (`id_tipo_solicitud`);

--
-- Filtros para la tabla `stock`
--
ALTER TABLE `stock`
  ADD CONSTRAINT `stock_ibfk_1` FOREIGN KEY (`id_material`) REFERENCES `materiales` (`id_material`),
  ADD CONSTRAINT `stock_ibfk_2` FOREIGN KEY (`id_bodega`) REFERENCES `bodegas` (`id_bodega`);

--
-- Filtros para la tabla `temporal`
--
ALTER TABLE `temporal`
  ADD CONSTRAINT `FK_TEMPORAL_BODEGA` FOREIGN KEY (`id_bodega`) REFERENCES `bodegas` (`id_bodega`) ON DELETE CASCADE ON UPDATE CASCADE,
  ADD CONSTRAINT `FK_TEMP_MATERIAL` FOREIGN KEY (`id_material`) REFERENCES `materiales` (`id_material`) ON DELETE CASCADE ON UPDATE CASCADE,
  ADD CONSTRAINT `FK_TEMP_PRESET` FOREIGN KEY (`id_preset`) REFERENCES `presets` (`id_preset`) ON DELETE CASCADE ON UPDATE CASCADE;

--
-- Filtros para la tabla `traslado`
--
ALTER TABLE `traslado`
  ADD CONSTRAINT `FK_MATERIAL_TRASLADO` FOREIGN KEY (`id_material`) REFERENCES `materiales` (`id_material`) ON DELETE CASCADE ON UPDATE CASCADE;

--
-- Filtros para la tabla `traslado_pro`
--
ALTER TABLE `traslado_pro`
  ADD CONSTRAINT `FK_PRESET_TRASLADO` FOREIGN KEY (`id_preset`) REFERENCES `presets` (`id_preset`) ON DELETE CASCADE ON UPDATE CASCADE;

--
-- Filtros para la tabla `usuarios`
--
ALTER TABLE `usuarios`
  ADD CONSTRAINT `usuarios_ibfk_1` FOREIGN KEY (`id_tipo_usuario`) REFERENCES `tipo_usuario` (`id_tipo_usuario`);
COMMIT;

/*!40101 SET CHARACTER_SET_CLIENT=@OLD_CHARACTER_SET_CLIENT */;
/*!40101 SET CHARACTER_SET_RESULTS=@OLD_CHARACTER_SET_RESULTS */;
/*!40101 SET COLLATION_CONNECTION=@OLD_COLLATION_CONNECTION */;
